id,fullname ,job ,gender ,city ,salary ,birthday 
1,Michaella Patullo,Senior Quality Engineer,Female,Dalai,5312,1955/12/11
2,Bonny Ballham,Human Resources Assistant I,Female,Richmond,6746,2001/05/28
3,Tabb Matuszewski,Tax Accountant,Male,Cernik,2745,2020/12/13
4,Brucie Blanch,GIS Technical Architect,Male,Somdet,3217,1974/01/02
5,Lorne Wadley,Developer I,Female,Rayong,6438,2000/05/05
6,Dominick Jamson,General Manager,Male,Drásov,4216,1977/03/12
7,Loralee Beldon,Quality Engineer,Female,Rodionovo-Nesvetaiskoye,7971,2010/02/01
8,Joshia Chitty,Mechanical Systems Engineer,Male,Phoenix,4930,1958/10/19
9,Raphael Iacapucci,Structural Analysis Engineer,Male,Saint-Égrève,1142,2016/01/08
10,Alessandro Ballendine,Office Assistant III,Male,Vicuña Mackenna,7056,2002/12/31
11,Maressa de Vaen,Biostatistician III,Female,Pinellas Park,1454,1961/05/18
12,Ronnie Roelvink,Data Coordinator,Genderqueer,Zaječí,6054,1963/01/24
13,Drusilla Hinks,Marketing Assistant,Female,Bobrov,1434,1972/06/14
14,Bambi Dunsford,Senior Cost Accountant,Female,Suba,1704,2004/08/19
15,Aveline Davinet,Operator,Female,Jadowniki,5600,1953/12/16
16,Winona Suett,Programmer I,Female,Gornyy,8057,1952/01/11
17,Paige Stennine,Nurse Practicioner,Genderqueer,Buhe,6341,1995/12/11
18,Killie Goodlife,Geologist I,Male,Izumi,6359,2012/01/27
19,Lauraine Frankiss,Community Outreach Specialist,Female,Langchi,6415,2002/03/24
20,Lion Borthe,Business Systems Development Analyst,Male,Haradzishcha,7738,2008/08/20
21,Elly Bunnell,Legal Assistant,Female,Bagnères-de-Bigorre,5016,2003/06/19
22,Town Olkowicz,Internal Auditor,Male,Shigutang,7395,1997/11/20
23,Duncan Hast,Biostatistician III,Male,Carmelo,2533,1969/03/24
24,Bibby Ellson,Internal Auditor,Female,Guiping,2246,1978/05/16
25,Margaretha Vonderdell,Editor,Female,Xinfang,3671,1986/12/04
26,Amelina Barnsdale,Executive Secretary,Female,Calibishie,1764,1967/08/31
27,Rutter Moncreiff,Accounting Assistant III,Male,Contagem,3698,2015/07/16
28,Aubrey Stuart,Operator,Male,Morelos,1057,1994/04/10
29,Torrence Oxnam,Media Manager I,Male,Moengo,6549,1953/01/04
30,Jojo Soares,Internal Auditor,Female,Dachun,5567,1970/04/21
31,Gabbi McGarrity,Geologist IV,Female,Mugan,2039,1960/05/23
32,Bar Von Oertzen,Research Nurse,Genderqueer,Muara Siberut,4545,2007/08/21
33,Editha Tompkin,Help Desk Technician,Female,Caoyan,8222,1996/08/31
34,Hebert MacAllester,Office Assistant II,Male,Bendorubuh,7873,1976/08/03
35,Madelaine Barber,Human Resources Manager,Female,Ágios Stéfanos,3983,2000/12/25
36,Dyana Biford,Web Designer II,Female,Choco,4884,2014/07/15
37,Ephrayim Thomerson,Statistician IV,Bigender,Rosmaninhal,5527,2020/11/12
38,Ichabod Watkin,Staff Scientist,Male,Hujra,8760,2018/08/04
39,Guido Parren,Sales Associate,Male,Bayside,7098,2022/09/02
40,Evangelin Grinvalds,Environmental Specialist,Female,Nankou,9743,2009/05/15
41,Northrop Abramzon,Developer III,Male,Napoles,1788,1988/03/17
42,Diana Banbury,Community Outreach Specialist,Female,Sezures,8375,1957/08/20
43,Cassie Gemeau,General Manager,Female,Karangmangu,5616,1976/09/07
44,Brook Mustarde,Legal Assistant,Genderqueer,Smilavichy,9131,1955/11/01
45,Nicole Icom,Mechanical Systems Engineer,Female,Koatas Lao,5583,1968/09/08
46,Dita Foddy,Quality Control Specialist,Female,Bīr Nabālā,4445,1977/12/13
47,Mervin Wilcockes,Computer Systems Analyst I,Genderfluid,Gigante,2065,1997/09/23
48,Hannis Tillerton,Administrative Officer,Female,Andamui,5975,2005/04/16
49,Hobart Caughey,Account Coordinator,Male,Bourgoin-Jallieu,5722,1998/01/24
50,Elmo Gartan,Statistician III,Male,Leiling,5984,1994/08/05
51,Tandie Aldersley,Operator,Female,Novikovo,9144,2018/04/25
52,Serena Grogona,Associate Professor,Female,Ostuncalco,3269,1959/02/25
53,Ardath Yaneev,Assistant Manager,Female,Kazan,1351,1958/12/28
54,Temp Smitton,Administrative Assistant II,Male,Dobruševo,4333,1962/07/31
55,Boot Gosselin,GIS Technical Architect,Male,Staryy Togul,2613,2019/07/16
56,Moira Tant,Senior Developer,Female,Landskrona,4229,2021/06/01
57,Kordula Titchener,Mechanical Systems Engineer,Female,Shaguotun,3864,2011/07/09
58,Emmanuel Millmoe,Operator,Male,Zhaogezhuang,7050,2015/12/22
59,Halley Cicchillo,Social Worker,Female,Tampere,7422,2013/08/09
60,Moshe Lutz,Nurse Practicioner,Male,Chãos,7777,1982/09/29
61,Tiffie Bjerkan,Administrative Officer,Female,Beidu,7510,1951/08/23
62,Wynny Frisdick,Compensation Analyst,Female,Stockholm,3265,2002/02/12
63,Pat Davidou,VP Sales,Male,Krajan,6435,1965/04/28
64,Alberik Kelsell,Systems Administrator III,Bigender,Issy-les-Moulineaux,4984,2001/09/09
65,Vlad Garland,Editor,Male,Pekalongan,2247,2008/03/23
66,Lindsey Nan Carrow,Director of Sales,Female,Shuangxi,3444,1984/01/07
67,Dennison Colman,Civil Engineer,Male,Nakatsugawa,4330,1987/10/28
68,Natala Huntington,Help Desk Technician,Female,Usa River,8878,2002/01/22
69,Aaron Correa,VP Quality Control,Male,Manaoag,1421,2002/06/30
70,Tresa Basey,Senior Sales Associate,Female,Pirca,1885,1956/08/10
71,Salomon Pering,Engineer I,Male,Qixian,7036,1981/11/10
72,Juieta Rumens,Systems Administrator II,Female,Aghsu,5513,1993/12/08
73,Clarine Downe,Chief Design Engineer,Female,Kentau,9702,1957/04/07
74,Libbey Burker,Junior Executive,Female,Bangil,2097,2013/05/16
75,Lew Colt,Administrative Assistant IV,Male,Aipe,5446,2023/04/13
76,Neda Bulbeck,Geological Engineer,Female,Hrastnik,3976,1981/12/31
77,Wileen Redier,Marketing Assistant,Female,Samut Songkhram,2272,2011/07/24
78,Barby Lockyer,Pharmacist,Female,Qianzhou,6728,2007/08/24
79,Maria Mordon,Senior Sales Associate,Female,As Salţ,9523,1951/06/04
80,Leona Land,Environmental Tech,Female,Gannan,8888,2004/12/28
81,Niko Yare,Occupational Therapist,Male,Prudentópolis,1338,1987/03/16
82,Camala Ornillos,Nurse,Female,Futu,5192,2018/08/14
83,Ase Ferrarese,Mechanical Systems Engineer,Male,Neni,4776,1968/01/06
84,Maren Brownjohn,Food Chemist,Female,Uren’,4997,1955/12/22
85,Aluin Novichenko,Programmer Analyst II,Male,Ar Rawḑah,2061,1983/12/11
86,Jillayne Baroc,Librarian,Female,Vetlanda,7685,1993/02/27
87,Pierre Ecclesall,Geological Engineer,Male,Póvoa do Valado,2699,1962/02/03
88,Gilly Macconaghy,Web Developer I,Female,Gelang,8220,1999/12/29
89,Federica Headley,Professor,Female,Tilburg,8982,1958/11/12
90,Galven O'Dunneen,Structural Analysis Engineer,Male,Guay,1188,1953/10/03
91,Rustie Simmonite,General Manager,Non-binary,Charneca,3858,2020/05/16
92,Petra Klouz,Marketing Manager,Female,Olofström,1948,2011/03/24
93,Stan Clemmensen,Recruiter,Male,Zdenci,7555,1989/03/02
94,Kathie Auchinleck,Professor,Female,Dyurtyuli,4729,2009/02/19
95,Pall Greggersen,Research Assistant II,Male,Ban Phan Don,3854,1986/06/08
96,Swen China,Geological Engineer,Male,El Paraíso,4224,1966/07/30
97,Nowell Morman,Administrative Officer,Male,Jetafe,2862,2015/10/31
98,Jasper Lightowlers,Account Executive,Male,Isla Pucú,5306,1967/01/19
99,Rosita Proom,Web Designer III,Female,Sarmanovo,5761,1958/04/09
100,Andros Petcher,Professor,Male,Mandalt,9067,1965/09/03
101,Bert Cuddon,Nurse Practicioner,Male,Lille,8399,1950/10/06
102,Izak McGreay,Financial Analyst,Male,Aengceleng,6190,1980/11/11
103,Claudell Cisar,Editor,Male,Thị Trấn Yên Phú,3145,2012/01/21
104,Morley Bassil,Senior Cost Accountant,Male,Sergelen,1838,1997/08/21
105,Nester Sissel,Graphic Designer,Male,Meilin,7475,1984/10/11
106,Harlin Abarough,Web Designer IV,Male,Taguing,3728,2004/03/02
107,Daron Eads,Account Representative IV,Male,Paris 17,1763,2014/09/05
108,Scottie Sibly,Biostatistician II,Male,Semongkat,4253,2005/03/07
109,Ferdinanda Packman,Environmental Specialist,Polygender,Vilkaviskis,2764,1972/01/25
110,Claudia Strewther,Software Consultant,Female,Kefang,3059,1966/08/31
111,Una Redler,Analyst Programmer,Female,Kota Kinabalu,9019,2021/07/05
112,Borg Parlour,Director of Sales,Male,Nykarleby,9536,1991/04/30
113,Anett Harmour,Mechanical Systems Engineer,Female,Cankova,3963,1980/03/04
114,Gherardo Crockley,Director of Sales,Male,Guaíra,7061,1996/09/07
115,Gino Yeskov,Account Representative II,Male,Prang Ku,9405,1962/08/04
116,Eliot Stear,Data Coordinator,Male,Naurskaya,1026,1980/06/12
117,Imelda Husselbee,Recruiter,Female,Krojo,6597,2016/06/17
118,Willi Frome,Internal Auditor,Female,Abelheira,6747,1991/07/22
119,Dave Worrill,Research Associate,Male,Užice,9724,1978/11/18
120,Haydon Escudier,VP Quality Control,Male,Nässjö,3421,1996/07/03
121,Maegan Yushin,Software Test Engineer I,Female,Malanville,1642,1979/01/23
122,Brandon Aucourte,Health Coach IV,Male,Krasnyye Barrikady,9135,1980/09/14
123,Daile Roycroft,Human Resources Manager,Female,Antonio Toledo Corro,9205,1995/01/15
124,Jeremias Knotte,General Manager,Male,Býšť,8943,1958/06/06
125,Kacie Ingerith,Financial Analyst,Female,‘Izrā,7419,2002/10/21
126,Nedi Mohammad,Speech Pathologist,Female,Awat,6532,1987/01/04
127,Lorens Sydry,Data Coordinator,Male,Sandaoba,6497,2018/05/10
128,Brendin Wrate,Assistant Manager,Male,Sebasang,6956,2002/03/03
129,Wilton Fassbender,Electrical Engineer,Male,Wu’erqihan,4821,1973/12/11
130,Angel Jellis,Software Engineer I,Female,Kambar,7842,2014/04/29
131,Burtie Tysall,Mechanical Systems Engineer,Male,Miaoshou,9576,2014/12/24
132,Adelind Maghull,Recruiting Manager,Polygender,Gachancipá,9745,1994/06/27
133,Fransisco Kubacek,Office Assistant IV,Male,Thị Trấn Ngọc Lặc,5143,2002/03/16
134,Zonnya Litt,Legal Assistant,Polygender,Hongch’ŏn,3686,1995/11/02
135,Giordano Oliveras,Programmer IV,Male,Jieshou,9597,2023/09/05
136,Yale Carl,Administrative Assistant IV,Male,Ulundi,1641,1997/01/15
137,Osmund Aim,Professor,Male,Amsterdam Binnenstad en Oostelijk Havengebied,8600,1951/03/12
138,Cherie Freezer,Staff Scientist,Female,Svyetlahorsk,4023,2021/02/10
139,Prent Martinelli,Registered Nurse,Male,Villa Atamisqui,9738,1971/12/29
140,Lizzy Preston,Analog Circuit Design manager,Female,Twardogóra,1910,1992/07/06
141,Ring Sheen,Environmental Tech,Male,Newport,3186,1963/12/09
142,Hughie Arnolds,General Manager,Male,Nagrak,8563,1991/07/01
143,Gerri Blowers,Media Manager II,Female,Krutinka,2320,1992/11/06
144,Serena Edgecumbe,VP Marketing,Female,Dallas,2934,1966/07/29
145,Opalina Greenroad,Editor,Female,Ambulong,4685,1995/12/21
146,Persis Medgewick,Media Manager IV,Genderqueer,São José de Mipibu,9687,1998/11/26
147,Terry Orrill,Human Resources Assistant I,Male,Deán Funes,6893,2007/05/06
148,Mandy Ransom,Analog Circuit Design manager,Female,Rio,1694,2000/11/30
149,Sallie Loney,Automation Specialist II,Female,Tangga’an,5371,1977/10/29
150,Jared Roark,Biostatistician II,Male,Villa Ocampo,9976,1976/07/04
151,Rosemarie Mattingson,Account Executive,Polygender,Lyon,9816,1980/03/20
152,Andrea Bridden,Physical Therapy Assistant,Female,Mostovskoy,5191,2012/07/16
153,Chance Barwis,Software Engineer IV,Male,Fenglai,2452,1979/11/13
154,Ema Shapland,Office Assistant II,Female,Dobrošte,6250,2018/10/14
155,Delphinia Dreghorn,Junior Executive,Female,San Marcos,2968,1960/04/20
156,Olav Beilby,Safety Technician III,Non-binary,Khong Chai,1928,1952/12/17
157,Maximilian Cavolini,Paralegal,Male,Belovodskoye,3976,2014/06/01
158,Brandy Sweeten,Financial Analyst,Female,Harstad,6717,1969/08/29
159,Ophelia McHale,Staff Scientist,Female,Cibingbin,1532,1984/07/16
160,Wright Gumley,Senior Sales Associate,Non-binary,Aqtöbe,8450,1951/04/23
161,Kelcie German,Chief Design Engineer,Female,Lokokrangan,6427,2010/08/06
162,Hermon Oguz,Teacher,Male,Ferreira do Alentejo,6550,1979/07/28
163,Antonietta Stigers,Geological Engineer,Female,Changxingbao,5971,2011/10/31
164,Ramsey Vynoll,Electrical Engineer,Non-binary,Teresina,2797,1981/07/18
165,Abram Jimes,Software Test Engineer II,Male,Hŭngju-dong,8835,2015/01/08
166,Maggy Takis,Operator,Female,Keboireng,7659,1999/01/13
167,Alvinia Hackney,Director of Sales,Female,Fenais da Ajuda,1103,1954/03/23
168,Breanne Cheake,Teacher,Female,Khasavyurt,2000,1973/01/20
169,Orville McCluney,Chief Design Engineer,Male,Old Shinyanga,1549,2019/10/28
170,Gabriele Boatman,Staff Scientist,Male,Heřmanova Huť,5265,2016/07/08
171,Gayleen Geleman,Nurse Practicioner,Female,Nam Khun,9562,1952/02/11
172,Murdoch Brymham,Sales Representative,Male,Kortkeros,7973,1964/03/11
173,Chelsae Moodycliffe,Quality Control Specialist,Female,Aurora,7511,2012/03/09
174,Jon Gazey,Product Engineer,Male,Chiriguaná,8449,2017/01/25
175,Bette-ann MacElharge,Pharmacist,Female,Eleftheroúpolis,3748,2009/03/17
176,Bail Paula,Speech Pathologist,Male,Batal,8343,2022/05/28
177,Walton Lafflina,Quality Engineer,Male,Sagay,2655,1975/02/27
178,D'arcy Stroban,Engineer II,Genderfluid,Laborie,4378,1994/04/19
179,Jessa Byram,Software Consultant,Female,Gimcheon,5601,1982/10/24
180,Dillie Josse,Health Coach II,Agender,Vänersborg,4984,1966/01/18
181,Collin Daniaud,Systems Administrator IV,Agender,Hongyan,1732,2012/12/04
182,Gerhardine Huie,Paralegal,Female,Songshi,8903,1963/12/17
183,Lazarus Dobson,Dental Hygienist,Male,Shajing,9326,1990/02/23
184,Farlay Garden,Financial Analyst,Male,Majiang,9166,2023/02/05
185,Myrtle Hall,Help Desk Technician,Female,Chandmanĭ,7224,2003/12/31
186,Brewster Maddie,Legal Assistant,Male,Spétses,7298,2020/05/01
187,Bertina Camplin,Junior Executive,Genderqueer,Igarapé Miri,2608,1953/07/11
188,Lionel Casey,Librarian,Male,Žitenice,3099,2019/02/17
189,Breena Summerskill,VP Accounting,Genderqueer,Pamiątkowo,8947,1959/12/30
190,Dolph Aberchirder,Web Developer II,Male,Nyeri,5334,1962/04/07
191,Dallas Dunklee,Senior Editor,Polygender,Hatavch,6663,1962/03/12
192,Ethelind Palfreyman,Geologist IV,Female,Delingha,6252,2006/06/02
193,Dory Prigg,Tax Accountant,Male,Nanterre,3923,1994/03/07
194,Saudra Rospars,Senior Sales Associate,Female,Kaliasin,7033,1997/08/05
195,Ninnetta Griffen,Community Outreach Specialist,Female,Sophia Antipolis,9529,1980/01/24
196,Averell Gerbel,Financial Analyst,Male,Kerkrade,5023,1974/09/05
197,Husein McCreath,Quality Engineer,Male,San Antonio,2733,1954/10/16
198,Engracia Maro,Research Associate,Female,Yangxi,9195,1998/03/22
199,Karole Eric,Senior Developer,Female,Youzai,5719,2007/09/12
200,Selma Puckett,Clinical Specialist,Female,Eger,9492,1967/08/31
201,Barton Healings,Financial Advisor,Male,Nogent-le-Rotrou,8888,2016/04/20
202,Aurora Sparrowe,Cost Accountant,Female,Kishkenekol’,6575,2019/01/29
203,Roch Marciek,Programmer Analyst I,Female,Fangli,7542,2005/02/02
204,Grove Whitehouse,VP Product Management,Male,Neftegorsk,6471,2003/04/14
205,Aurlie Segeswoeth,Associate Professor,Agender,Kurlovo,2202,1988/02/14
206,Hy Knights,VP Marketing,Male,Pathum Ratchawongsa,6088,2019/07/06
207,Nels Cusiter,Mechanical Systems Engineer,Male,Dolna Banjica,9835,1983/09/23
208,Julie Baldrey,Budget/Accounting Analyst I,Male,Cumanayagua,9205,1994/07/16
209,Aaron MacKereth,Quality Control Specialist,Genderqueer,Kochetok,9140,1964/01/24
210,Augustus Allmen,VP Product Management,Male,Tul’chyn,4559,1985/02/28
211,Delinda Eustis,Account Executive,Female,Ranisoba,7650,2008/02/09
212,Efren Mapston,Civil Engineer,Male,Albertville,3295,1968/04/06
213,Dione Baiss,Quality Engineer,Female,Tampa,1701,1980/01/09
214,Marv Dumberrill,Senior Developer,Male,Quintã,4674,1971/05/28
215,Jude Speir,Software Consultant,Male,Aigínio,9763,1960/07/05
216,Kylila Scaife,Quality Control Specialist,Female,Zelenograd,7247,1950/09/02
217,Brant Elcoat,Project Manager,Bigender,Tejen,4945,2023/11/16
218,Ollie Dunsford,Analog Circuit Design manager,Male,Danchang,2213,2022/05/31
219,Gayel Gillhespy,Nuclear Power Engineer,Female,Bayt Ta‘mar,8994,2003/09/06
220,Stearn Deplacido,Occupational Therapist,Male,Shorko,6865,1962/01/22
221,Nevins Sivil,Safety Technician I,Male,Arnhem,1435,1972/01/22
222,Onofredo Bonallick,Research Assistant I,Male,Xinyang,4806,2021/10/23
223,Marillin Castano,Chief Design Engineer,Female,Kotel,2518,2021/08/08
224,Cymbre Huck,Database Administrator III,Bigender,Międzyzdroje,3962,1965/05/21
225,Anette Cracker,Media Manager IV,Female,Kalianget,3082,1990/01/08
226,Annecorinne Hatherleigh,Senior Editor,Genderfluid,Esigodini,5431,1959/08/17
227,Danya Oakey,Registered Nurse,Female,Libog,3166,2011/10/06
228,Serena Sonier,Paralegal,Female,Paradise,3737,1997/04/17
229,Zach Reicharz,Pharmacist,Male,Nanping,4885,2004/01/20
230,Rollin Edards,Senior Editor,Male,Piteå,2212,2016/03/17
231,Liza Sirrell,Physical Therapy Assistant,Female,Ozërsk,2005,2023/08/22
232,Jeremiah Rodgier,Developer II,Male,Novyy,6268,2010/11/18
233,Conny Choak,Assistant Manager,Male,Tokarnia,3165,1973/08/26
234,Yance MacTrustie,Engineer IV,Male,Vavozh,3055,1954/01/08
235,Jard Betton,Environmental Specialist,Male,Shanjiao,3793,1998/05/03
236,Clarisse Landon,Assistant Manager,Female,Baimaqiao,7378,1986/06/29
237,Ernst Pickerin,Environmental Specialist,Male,Ayolas,6823,1999/10/19
238,Jessa Durling,Health Coach II,Polygender,Bodø,4982,2005/07/04
239,Hadlee Ledford,Librarian,Male,Arcena,6564,1968/07/22
240,Gauthier Toffolini,Budget/Accounting Analyst IV,Male,Dawei,2734,1977/10/05
241,Emmalynne Ochiltree,Electrical Engineer,Polygender,Looc,8427,2022/11/18
242,Afton Woodroofe,Nurse Practicioner,Female,Belém,5359,1980/05/18
243,Natividad Skamell,Director of Sales,Female,Energeticheskiy,1708,1994/05/10
244,Timmy McCawley,Product Engineer,Female,Aguitu,4023,1989/12/16
245,Viola Whatsize,Accountant IV,Female,Lyon,3515,1984/07/06
246,Willi Greet,Statistician II,Non-binary,Jiangchuan,8789,2015/05/24
247,Mal Towne,Data Coordinator,Male,Snizhne,6153,1966/06/07
248,Cullen Chandlar,VP Product Management,Male,Tangdukou,5222,2021/04/16
249,Dode Gerold,Human Resources Manager,Female,Krasne,4120,1998/06/01
250,Hailee Roser,Pharmacist,Female,Koga,1742,2000/08/08
251,Lynnea Blaiklock,Accounting Assistant I,Female,Yelan’,2160,1975/04/13
252,Babbette Welds,Nurse Practicioner,Female,Santo Amaro,5504,2010/11/26
253,Abram Tichner,Information Systems Manager,Male,Nyapar,9719,1965/04/19
254,Daron Jollands,Safety Technician III,Male,Palopo,4013,1955/02/13
255,Teodoor Dreng,Senior Sales Associate,Male,Corpus Christi,3526,1964/09/08
256,Sayre Junes,Assistant Professor,Male,Wielka Nieszawka,2726,1978/06/13
257,Cesya Moro,Community Outreach Specialist,Female,Bélel,3674,1964/10/30
258,Gael Gosnay,Environmental Tech,Male,Perth,3686,1997/09/06
259,Judy Kilbride,Senior Sales Associate,Female,Mont-de-Marsan,7680,2017/09/28
260,Zilvia Dawnay,Senior Financial Analyst,Female,Xiaohebian,7661,1974/12/11
261,Ekaterina Blanchet,Senior Developer,Female,Patimuan,7409,1964/11/01
262,Arvin Arundale,Help Desk Operator,Male,Jiangjing,7122,1950/05/01
263,Robenia Firbank,Recruiter,Female,Beiwa,8991,1960/05/29
264,Rubin Antalffy,VP Marketing,Polygender,Vargön,9054,1977/12/07
265,Shari De Antoni,VP Sales,Female,Puerto La Cruz,5486,2014/08/06
266,Ellsworth Hayworth,Senior Developer,Male,Balad,4128,1954/12/17
267,Finlay Gillett,Senior Developer,Male,Krajan Satu,3765,1955/03/27
268,Craig Forder,Geologist IV,Male,Krasnogorskoye,5880,1973/11/13
269,Pincas Archdeckne,Civil Engineer,Male,Lembongan Kawan,6572,2019/04/12
270,Ronny Cranston,Compensation Analyst,Female,Tebon,2916,1998/10/10
271,Rube Wabersinke,Director of Sales,Male,Mengdong,8442,1957/10/28
272,Annmarie Simkovitz,Systems Administrator III,Female,Karawatung,5761,1975/03/26
273,Stafford Murden,Web Developer III,Male,Itatskiy,7665,1983/04/11
274,Damita Fergusson,Staff Scientist,Female,Ngasinan,6887,1998/06/06
275,Weylin Syder,Associate Professor,Non-binary,Corail,5166,1983/04/18
276,Ruperta Swayland,Senior Developer,Female,Prachatice,4453,1980/12/24
277,Lothaire Cohr,Nurse Practicioner,Male,Angers,1304,1953/11/24
278,Ram Yaldren,Senior Quality Engineer,Male,Lewobelek,9092,1950/10/21
279,Kevina Styan,Human Resources Assistant II,Female,Karangturi,2096,2013/12/23
280,Symon Flott,Senior Financial Analyst,Male,Obanazawa,2439,1969/02/13
281,Kristian Deely,Chief Design Engineer,Male,Eastern Suburbs Mc,8507,1997/06/24
282,Christophe Joscelyn,Staff Scientist,Male,Pyshchug,8516,2007/01/02
283,Rowe Labbet,Executive Secretary,Female,Cotorra,4707,1997/05/19
284,Ophelia Delaney,Social Worker,Female,Longshe,6203,2007/10/29
285,Rowney Malsher,Analog Circuit Design manager,Male,Larangan,9880,1976/06/05
286,Selma Colebourn,Developer I,Genderfluid,Vyshneye Dolgoye,6450,1951/02/17
287,Emerson Muckeen,Editor,Male,Żurowa,7658,1961/01/04
288,Joelie Giff,Account Executive,Female,Montgomery,4511,1958/09/01
289,Freemon Noller,Analyst Programmer,Male,Quinipot,2500,1953/02/25
290,Shirley Downage,Design Engineer,Female,Kinalansan,8832,2014/10/26
291,Olympie Triplett,Recruiting Manager,Female,Dinan,1344,2010/11/13
292,Bond Shalcros,Developer II,Male,Xicheng,8575,1954/12/13
293,Phil Vaar,Graphic Designer,Female,Oak Bay,7479,1974/02/16
294,Lemmy Thoma,Executive Secretary,Male,Yanggu’ao,6700,1990/03/18
295,Carilyn McKeller,Nurse,Female,Whittlesea,8370,1979/10/02
296,Inna Eborn,Programmer III,Bigender,La Virginia,5928,2006/02/17
297,Elias Pantling,Financial Analyst,Male,Urzhar,2111,2016/10/04
298,Rosabella MacHostie,Help Desk Operator,Female,Walakeri,6454,1972/09/19
299,Jaymie Duffer,Chemical Engineer,Male,Nokaneng,4725,1958/03/28
300,Jorry Delany,Associate Professor,Female,Auki,2110,1982/06/02
301,Tristam Entwisle,Compensation Analyst,Male,Xiangshui,3776,1961/03/19
302,Darcee Teliga,Payment Adjustment Coordinator,Female,Manchioneal,9879,1997/01/04
303,Kala Tongs,Graphic Designer,Female,Warnes,7515,1960/03/09
304,Valentin Damiral,Research Associate,Male,Georgīevka,8138,2017/07/04
305,Tierney Lackmann,Assistant Manager,Bigender,Blackfalds,2949,1959/12/29
306,Sonni Booton,Physical Therapy Assistant,Female,Xinhua,4345,1965/04/12
307,Darius Powling,Professor,Male,Lamam,2506,1953/11/19
308,Andreana Kardos-Stowe,Office Assistant III,Female,Mojolampir,4866,1986/02/02
309,Padgett Llorens,Quality Control Specialist,Male,Uthai Thani,3298,1956/06/14
310,Bent Manton,Financial Advisor,Male,Mujur,7201,2002/05/02
311,Tuck Bucky,Dental Hygienist,Male,Lancar,9679,2020/03/25
312,Gui Pither,Health Coach III,Female,Nong Muang Khai,5261,1998/11/13
313,Susann Retallick,Business Systems Development Analyst,Female,Syamzha,3441,1989/09/04
314,Ruy Speke,Help Desk Technician,Male,Talakag,5018,1975/09/06
315,Granville Stopp,Administrative Officer,Male,Ar Ruţbah,7893,1962/11/05
316,Cad Swales,Help Desk Operator,Male,Xinglong,4439,1996/05/19
317,Elisa Illston,Software Test Engineer III,Female,Minchinābād,9325,1951/07/20
318,Tammy Graal,Geologist I,Male,Shagedu,8630,1999/11/15
319,Hortensia Lampke,Senior Financial Analyst,Female,Ituiutaba,3168,1982/03/21
320,Gavan Bestall,Legal Assistant,Male,Xiaopu,9365,1989/12/12
321,Artemus Dunstall,Project Manager,Male,Zishan,8555,2010/03/26
322,Jacquie Dickman,Safety Technician III,Female,Kórnik,4426,1999/05/07
323,Norrie Bettenson,Accountant II,Male,Yafan,1028,1957/05/08
324,Martina Wooderson,Senior Financial Analyst,Female,Mörön,7128,2023/08/27
325,Anderson Snowling,Developer IV,Male,Qiqing,9791,2016/04/12
326,Ariadne Laweles,Associate Professor,Female,Montpellier,9509,2008/08/09
327,Georgette Atcock,Paralegal,Female,Oljoq,2004,2021/04/24
328,Waverly Reynault,Software Engineer IV,Male,Chelyabinsk,2032,1998/12/21
329,Muffin Becconsall,Physical Therapy Assistant,Female,Bamnet Narong,5230,2022/07/29
330,Thacher Greggersen,Budget/Accounting Analyst III,Male,Surgut,9496,1962/05/10
331,Cecilius Mitchiner,VP Product Management,Male,Meringkik,3399,1975/05/06
332,Dare Hindenburg,Recruiter,Agender,Kaminokawa,2678,2023/07/01
333,Yasmeen Chipp,Dental Hygienist,Female,Dallas,6865,1977/03/06
334,Aland Sign,Structural Engineer,Male,Baoxia,6029,1956/08/08
335,Hope Instone,Marketing Manager,Female,Katsina-Ala,9836,1955/06/20
336,Letitia Eason,Automation Specialist II,Female,Kota Bharu,9028,1957/11/11
337,Rudolf Rheam,Internal Auditor,Male,Rucheng Chengguanzhen,6180,1963/06/06
338,Iago MacAvaddy,Director of Sales,Male,Sukawaris,5416,1950/10/11
339,Dev Veldman,Mechanical Systems Engineer,Male,San Juan,8601,1960/09/26
340,Emile Harcombe,Developer II,Male,Werota,2291,2009/04/15
341,Howie Exeter,Product Engineer,Male,Kedrovoye,2649,2004/03/18
342,Zacherie Leavry,Programmer Analyst III,Male,Ljusdal,6160,1992/12/21
343,Caria Landsberg,VP Sales,Female,Ngancar,9546,2005/02/11
344,Tim Woolatt,Safety Technician IV,Male,Przeworsk,9270,2004/09/05
345,Kacy Osselton,Environmental Specialist,Female,Momanalu,5642,1982/01/28
346,Vincenty Zimek,Analyst Programmer,Male,Bwizibwera,5781,2023/07/19
347,Allix Horsley,Assistant Manager,Female,Changtan,7671,1952/10/17
348,Hamlin Bittlestone,Clinical Specialist,Male,Zaki Biam,2853,1968/03/16
349,Brendon Lints,Account Executive,Male,Curahkalak Tengah,6020,1982/06/22
350,Moises Pizer,Accounting Assistant IV,Male,Devitsa,1387,1988/02/17
351,Reinwald Matus,Statistician II,Male,Shiqiaotou,4485,1982/08/18
352,Leonid Billings,Assistant Professor,Male,Kouvola,8606,1952/01/19
353,Rosana Bovaird,Health Coach I,Female,Cielmice,9672,2020/06/21
354,Chickie Coppin,Food Chemist,Female,Ciloa,5407,2014/08/16
355,Saudra Bonifas,Environmental Tech,Female,Bus’k,7207,1963/10/20
356,Susanne Grelka,Marketing Assistant,Female,Courbevoie,8792,1982/02/20
357,Ignacio Jaques,Financial Advisor,Male,Tintafor,8349,1978/04/19
358,Viola Van Vuuren,Marketing Assistant,Female,Long Layu,9287,1983/10/07
359,Kris Poleye,VP Sales,Female,Georgetown,8031,1967/09/14
360,Tiler Lynd,Help Desk Operator,Male,Solomenskoye,7548,2008/06/15
361,Gaby Vyse,Financial Analyst,Male,Baki,7911,1976/06/10
362,Arlena Agett,Product Engineer,Female,Nove-Misto,5188,1956/04/15
363,Emmet Prendiville,Staff Accountant IV,Male,Rasūlnagar,5822,2012/08/14
364,Shaylynn Ciardo,Developer IV,Non-binary,Dongshe,2756,1993/11/01
365,Giffard Hofler,Research Nurse,Male,New Iloilo,5057,2008/08/19
366,Sibel Yurocjkin,VP Accounting,Female,Ust’-Kut,1162,1992/10/19
367,Kirk MacVagh,Administrative Officer,Male,Nyazura,1638,2002/02/28
368,Ashby Schwerin,Geologist I,Male,Wang Noi,2233,1970/11/09
369,Dasha Moston,Analyst Programmer,Female,Tucdao,9473,1968/06/16
370,Dagny Hortop,Project Manager,Male,Glyadyanskoye,3982,1986/02/01
371,Nicoli Igoe,Senior Editor,Female,Lappajärvi,8189,1973/08/31
372,Ally O'Duane,Assistant Manager,Female,Yangqiao,1022,1992/11/17
373,Harriot Natwick,Analyst Programmer,Female,Calidñgan,9724,1999/06/18
374,Gregor Martugin,Software Consultant,Male,Nový Bor,5459,1967/10/22
375,Phil Cramer,Professor,Male,Gampang,9273,2022/07/21
376,Dwayne Salaman,Budget/Accounting Analyst II,Male,Ndibène Dahra,5635,2016/01/31
377,Lesly Elleray,Speech Pathologist,Genderfluid,Sebedo,2624,2003/09/28
378,Tamas Rizzone,Research Nurse,Male,Atipuluhan,7183,1969/05/19
379,Tish Rendell,Safety Technician IV,Female,New Shagunnu,4523,2006/04/29
380,Sumner Botten,Web Designer III,Male,Velké Karlovice,7841,1999/10/04
381,Xaviera Housen,Chemical Engineer,Female,Cumba,5737,2001/07/07
382,Wynny Ruddle,Account Representative III,Female,Vardane,1449,2016/12/09
383,Essie Pleuman,Computer Systems Analyst II,Female,Cintawana,3474,1979/05/11
384,John Jeandeau,Account Representative II,Male,Zhangshui,1187,2005/09/20
385,Gherardo Tuiller,Human Resources Manager,Male,Caucaia,2023,1963/06/26
386,Ryann Critchell,Recruiter,Female,Rūdiškės,6176,1995/03/30
387,Eustace Biagioni,Desktop Support Technician,Male,Cikuray,7306,1970/01/26
388,Lars Kingsbury,Compensation Analyst,Male,Claremorris,8630,1972/12/12
389,Windy Scarlon,Product Engineer,Female,Darvi,1161,2009/09/22
390,Theodore Lubman,Marketing Assistant,Male,Kunda,1904,1960/10/29
391,Dela Sewill,Compensation Analyst,Female,Kyzyl-Burun,6850,1990/02/01
392,Pedro Putton,Software Consultant,Male,Krrabë,7545,1969/03/07
393,Zane Frontczak,Librarian,Male,Nîmes,7785,1990/12/15
394,Luz Nudd,General Manager,Female,Baton Rouge,5377,1985/06/29
395,Dru Keggins,Nuclear Power Engineer,Male,Tuhe,5710,2018/06/11
396,Lind Cottell,Senior Developer,Female,Shuitou,5326,1985/02/18
397,Frasquito Edie,Chemical Engineer,Male,Biga,9704,1966/12/24
398,Minta Hurndall,Actuary,Female,Gouyan,5898,1984/06/13
399,Leon Jockle,VP Marketing,Male,Arbois,8199,1971/05/12
400,Rhody Payn,Safety Technician III,Female,Lewograran,7625,1991/10/29
401,Oberon Douse,Clinical Specialist,Non-binary,Kveda Chkhorots’q’u,6665,1985/05/03
402,Bab Laflin,VP Sales,Female,HanHuang,7332,1961/03/05
403,Francklin Togwell,Occupational Therapist,Male,Lumphăt,4983,2004/06/02
404,Mommy Penkethman,Software Consultant,Non-binary,Walichnowy,7852,2018/12/03
405,Mortimer Hainey,Help Desk Operator,Polygender,Ban Phaeo,9577,1971/08/11
406,Modestia Tuckwell,Technical Writer,Female,Daloa,9288,2005/09/25
407,Caria Hardie,Registered Nurse,Female,Xiajiashan,4240,1969/03/03
408,Regan Showler,Analog Circuit Design manager,Agender,Čair,7382,2001/03/29
409,Maddie Whitnall,Safety Technician IV,Female,Kill,6342,1991/07/20
410,Krystalle Filipponi,Recruiter,Female,Pingshanhu,9368,2004/11/29
411,Tatiania Bowater,VP Marketing,Female,Shreveport,8006,1959/12/29
412,Albina Gellately,Biostatistician III,Female,Tuanalepe,4137,1997/02/18
413,Inger Bussetti,Nurse,Male,Nagaoka,1673,2002/08/14
414,Clea Charlson,Staff Accountant IV,Female,Banag,9388,1978/04/23
415,Rock Desbrow,Senior Developer,Male,Litan,7033,1981/04/16
416,Michele Rubertis,Web Designer I,Male,Cà Mau,4001,1955/10/29
417,Dell Steddall,Social Worker,Female,Léo,4372,1994/08/17
418,Juanita Haggett,Design Engineer,Female,Weitang,5201,1976/11/12
419,Harvey Sykora,Database Administrator I,Male,Cikalaces,2874,1990/12/12
420,Ophelie Worsfold,Compensation Analyst,Female,Trieste,1176,1996/04/09
421,Lon O'Connel,Director of Sales,Male,Wakuya,1848,1965/05/28
422,Davina Vondra,Developer II,Female,Laiguangying,1708,1955/02/01
423,Lesya Mumbey,Tax Accountant,Female,San Salvador,5969,2017/05/12
424,Brockie Nana,Database Administrator III,Male,Zengjia,3667,1965/05/11
425,Morie Ostler,Quality Engineer,Male,San Antonio,8251,2004/12/19
426,Gates Giddens,Administrative Officer,Genderfluid,Bakung,9188,1973/01/21
427,Trevar Von Welden,Developer I,Male,Zubrzyca Dolna,8349,1996/11/19
428,Linda Anersen,Accountant I,Non-binary,Sacanta,5051,1970/07/02
429,Diandra Fairburne,Occupational Therapist,Female,Xindu,4321,2005/08/21
430,Shirline Eickhoff,Senior Cost Accountant,Female,Huangqiao,1407,2022/04/11
431,Darin Maseres,Web Designer II,Male,Kota Bharu,8073,1999/09/26
432,Willie Crossland,Budget/Accounting Analyst I,Female,Perugia,6773,1952/08/15
433,Emmery Scrafton,Data Coordinator,Male,Kapshagay,2767,2018/05/24
434,Erny Casey,Dental Hygienist,Male,Pelabuhan Dagang,5843,1968/02/14
435,Mariana Foulser,Senior Financial Analyst,Female,Qijiang,6499,2010/10/09
436,Simon Kynvin,Accountant I,Male,Dallas,7213,2001/03/03
437,Olia Noli,Research Assistant IV,Genderfluid,Xinsheng,1222,1987/10/17
438,Raymund Khalid,Safety Technician IV,Male,Rudnya,3568,1970/11/10
439,Ferdinand Slegg,Graphic Designer,Polygender,Xianzong,2978,1994/01/21
440,Nolie Redman,Systems Administrator IV,Female,Tangkeng,6649,1953/05/18
441,Mike McKechnie,Physical Therapy Assistant,Male,Ditsaan,5743,1968/05/19
442,Raychel Cockayne,Electrical Engineer,Non-binary,Beiquan,3485,1986/02/08
443,Dyanne Kloss,Desktop Support Technician,Female,Itapuí,7057,1957/05/05
444,Nanice Cornels,Tax Accountant,Female,Krzczonów,5947,2015/04/20
445,Osbourn Canto,Automation Specialist I,Male,Springfield,9464,2003/08/29
446,Orelee Blakden,Design Engineer,Female,Weiting,9231,2020/11/17
447,Candide Yurkin,Community Outreach Specialist,Female,Cochabamba,8357,2010/03/11
448,Renado Blazevic,Nurse,Male,Zhangbagou,2278,1976/08/30
449,Carry Hellen,Senior Quality Engineer,Female,Guleluke,2967,1974/04/29
450,Carina Inderwick,Executive Secretary,Female,Senggapi,7360,1961/05/18
451,Melony Rowland,Compensation Analyst,Female,Caen,8466,2021/02/21
452,Tully Nudds,Software Engineer IV,Male,Vista Alegre,1435,1964/05/13
453,Dominica De Filippi,Mechanical Systems Engineer,Polygender,Nässjö,1180,1991/01/22
454,Cindra Barnhart,Design Engineer,Female,Montauban,1478,1970/08/29
455,Barbra Lawlance,Graphic Designer,Female,Tasīl,5522,1970/02/15
456,Amerigo Pantry,Community Outreach Specialist,Male,Wotsogo,8404,1979/12/19
457,Yuri Diggens,General Manager,Male,Nysa,9959,1955/03/31
458,Issiah Dymock,Geologist III,Male,Baoli,5867,1965/01/26
459,Kimberlyn Hanbury-Brown,Financial Analyst,Bigender,Tyoply Stan,7925,1989/10/30
460,Menard Tumber,Pharmacist,Male,Krasnaya Polyana,9349,2012/08/04
461,Rutledge Munden,Account Executive,Male,Monastyrishche,3430,2008/01/19
462,Edie Horsburgh,Research Assistant I,Female,Peseng,3610,1952/02/15
463,Doro Orred,Programmer Analyst I,Female,Solna,4391,2008/02/29
464,Sasha Snowman,Human Resources Manager,Male,Hostivice,6045,2002/08/15
465,Sara Scurrah,Senior Sales Associate,Female,Mondim de Basto,9304,2022/03/26
466,Jamaal Hedau,Media Manager IV,Male,Ouagadougou,9257,1983/10/30
467,Leon Mackerness,Sales Associate,Male,Hadyach,9115,1974/09/28
468,Alexa McGettrick,Staff Accountant IV,Female,Hongjiang,7225,2006/09/30
469,Sabrina McGannon,Administrative Assistant I,Female,Qingyang,5247,1979/04/04
470,Terrel Daglish,Mechanical Systems Engineer,Male,Ouijjane,4442,1959/08/04
471,Coral Hallgalley,Senior Financial Analyst,Female,Taoling,1527,1984/03/06
472,Aron Lere,Programmer Analyst III,Male,Itupiranga,9286,1955/09/15
473,Julia Andrioli,Dental Hygienist,Female,San Fabian,2845,1975/02/12
474,Morry Loader,Speech Pathologist,Male,Aurora,5528,1971/06/06
475,Shaughn McCall,Desktop Support Technician,Agender,Lobuk,7820,1973/05/17
476,Marietta Andino,Mechanical Systems Engineer,Male,Västerås,3398,1973/02/16
477,Ned Larne,Librarian,Male,Alak,5996,2017/07/28
478,Dori Geane,Desktop Support Technician,Female,Lop Buri,1315,1961/11/08
479,Buffy Hearn,Budget/Accounting Analyst II,Genderqueer,Sémbé,8783,1966/03/10
480,Meriel MacLaig,Geological Engineer,Female,Grand Junction,6750,1986/10/01
481,Jeana Drinkale,Director of Sales,Female,San Pedro,5179,1966/09/19
482,Jimmie Branscomb,Technical Writer,Bigender,Xiacang,4239,1980/08/23
483,Cazzie Buckwell,Paralegal,Polygender,Emin,7856,2023/08/28
484,Donn Bruyns,Quality Control Specialist,Male,Bytkiv,5969,1954/03/24
485,Helenka Creese,Senior Developer,Female,Krasyliv,5776,1953/09/04
486,Diarmid Kimberly,Software Test Engineer II,Male,Mekarsari,6569,2004/12/18
487,Aksel McKoy,VP Marketing,Male,Kushk,2192,2017/12/09
488,Maybelle Grabb,Research Nurse,Female,Sevlievo,1027,1989/05/29
489,Cherilyn Nower,Pharmacist,Female,Mŭynoq,5590,2001/06/18
490,Maryann Hurling,Geological Engineer,Female,Pescara,4102,1971/12/31
491,Pauli Shaudfurth,Product Engineer,Female,Kiev,4573,1982/12/03
492,Bryn Anderbrugge,VP Accounting,Male,Melaka,5780,2019/12/09
493,Lock Fairham,Graphic Designer,Male,Uralo-Kavkaz,3780,1961/06/18
494,Luke Concannon,Marketing Assistant,Male,Xincun,9468,1974/10/27
495,Claus Glave,Recruiting Manager,Male,Bandjoun,7939,1964/05/30
496,Todd Sawl,Human Resources Assistant IV,Genderqueer,Vigo,8614,1981/04/27
497,Katine Woodfine,Structural Analysis Engineer,Female,Brandsen,2483,1982/10/24
498,Tibold Bonus,Nuclear Power Engineer,Male,Tsetsegnuur,7850,1962/05/08
499,Darius Fahrenbach,Web Designer II,Male,Créteil,4079,1965/06/01
500,Gawain Fermer,Developer II,Male,Cabaiguán,5240,1952/01/13
501,Hersh MacConneely,Recruiter,Male,Taranovskoye,9065,1964/02/18
502,Cherilyn Peteri,VP Accounting,Female,Rungis,7051,1960/06/15
503,Cassi Lawless,Community Outreach Specialist,Bigender,Seget,6189,1999/01/18
504,Lexis Springford,Biostatistician IV,Female,Tío Pujio,2341,1959/02/07
505,Orelle Laugherane,Computer Systems Analyst II,Female,Aţ Ţaybah,1237,1998/09/16
506,Reid Noden,Paralegal,Male,Luxi,1478,1987/01/02
507,Trenna Puttan,Product Engineer,Female,Wołomin,9087,1968/01/10
508,Jeni Robertet,Programmer Analyst IV,Female,Mgandu,3040,2016/11/07
509,Ignazio McCulloch,Research Nurse,Male,Maniwaki,5831,1965/11/29
510,Gisela Whittick,Research Assistant II,Female,Dongping,7961,1962/11/30
511,Ario Kindle,Media Manager I,Male,Oefau,3320,1998/08/17
512,Tammie Beveridge,Speech Pathologist,Male,Suwałki,8380,2012/09/13
513,Hadleigh Greenwood,General Manager,Male,Dawa-Dawa,6645,1982/10/29
514,Read Treacy,Software Consultant,Male,Carromeu,3325,1965/04/16
515,Kirbee Ritchard,Web Developer III,Female,Bulahblangaro,1742,1983/09/10
516,Tam Michelin,Nurse Practicioner,Male,Negotin,6845,1964/08/29
517,Emmie Dawidowitsch,Project Manager,Female,Houba,5035,1974/05/14
518,Austen Oatley,Accountant I,Male,Rivera,9977,1968/11/16
519,Lodovico Shillito,Web Developer I,Male,Médanos,3177,1952/12/27
520,Amery Buckby,Business Systems Development Analyst,Male,Getengan,9213,1979/09/07
521,Judi Eckhard,Recruiter,Polygender,Mulyoagung,3598,2001/11/28
522,Danette Beney,Librarian,Female,Shuangpengxi,2585,2021/04/18
523,Samuel Searson,Payment Adjustment Coordinator,Male,Jayapura,9652,1982/02/14
524,Courtnay Tompsett,Professor,Male,Granard,1151,1963/08/18
525,Bria Jopling,Product Engineer,Female,Santa Fe,6558,1975/05/13
526,Noelle Taillard,Assistant Media Planner,Female,Fenglin,6797,2014/10/13
527,Horton Gamell,Human Resources Manager,Male,Dijon,5216,2023/01/17
528,Tiffie Linggard,Civil Engineer,Female,Hexi,8363,2012/09/25
529,Anitra Blinerman,Technical Writer,Female,Kinango,3486,1987/03/17
530,Heida Coughlan,Senior Sales Associate,Female,Guinsang-an,8301,1957/09/29
531,Pat Draco,Web Developer III,Female,Fauske,5740,2007/01/14
532,Erny Dosdell,Graphic Designer,Male,Huanghai,3091,2003/05/24
533,Elyssa Atwel,VP Quality Control,Polygender,Buenavista,6197,2008/05/21
534,Tracie Purshouse,Food Chemist,Female,Ruchihe,8443,2009/11/21
535,Lucilia Ungerer,Human Resources Assistant III,Female,Yayao,4814,2012/11/04
536,Helene Rubenczyk,Payment Adjustment Coordinator,Female,Stetseva,6038,2005/06/04
537,Farrah D'Onisi,Assistant Media Planner,Female,Francisco Beltrão,6088,1975/09/26
538,Gherardo Chazelas,VP Accounting,Male,Penanggal,3755,2015/11/19
539,Greta Sattin,Biostatistician II,Female,Novyy Urgal,6171,1998/08/17
540,Emmalyn Murthwaite,Office Assistant IV,Female,Nong Khae,2728,1954/03/17
541,Tonnie Dodman,Pharmacist,Male,Novoselë,8274,2005/01/19
542,Bernadene Ringrose,Sales Representative,Female,Taketoyo,4554,2011/09/13
543,Jermayne Rilston,Technical Writer,Male,Maayong Tubig,1847,1998/12/22
544,Lenore Crissil,Senior Developer,Female,Luzern,3609,2020/05/23
545,Cesaro Bisgrove,Civil Engineer,Male,Senovo,2432,2015/12/25
546,Jillian Stollsteiner,Engineer III,Female,Girardot,2901,2000/02/27
547,Angel Durnian,Software Consultant,Male,Nakło nad Notecią,5566,1966/10/22
548,Bobinette Passmore,Administrative Officer,Female,Ljungskile,1198,2009/08/18
549,Hubert Beeton,Quality Engineer,Male,Padasono,8905,1959/07/24
550,Kris Cobley,Assistant Manager,Female,Międzyzdroje,7209,1972/07/16
551,Shea Bulger,Information Systems Manager,Male,Bissen,5601,1993/03/20
552,Hastie Roskams,Speech Pathologist,Male,Rusnė,2595,1985/12/27
553,Emili Pettus,Assistant Media Planner,Female,Datong,1492,1953/12/13
554,Missie Cazereau,Research Assistant III,Female,Ichinomiya,1069,1974/10/01
555,Carie Nozzolinii,Graphic Designer,Female,Lysekil,8204,1989/05/24
556,Tudor Falla,Software Engineer III,Male,Solna,5776,1972/05/27
557,Paxon Ferrulli,Occupational Therapist,Male,Kobleve,4064,1983/02/11
558,Wells Jirusek,GIS Technical Architect,Male,La Oroya,1436,1965/07/10
559,Carleen Ladbury,Software Consultant,Female,Rende,2874,2015/10/31
560,Otis Pigot,VP Sales,Male,Jiancheng,5943,1992/08/31
561,Cissy Docksey,Professor,Female,Witzenhausen,8089,2013/04/13
562,Aleen Allsworth,General Manager,Female,Baimangpu,1069,1968/08/20
563,Nikolai O'Giany,Budget/Accounting Analyst III,Male,Hidalgo,5300,1988/09/29
564,Kirby Rattry,Assistant Professor,Female,Beima,5109,1971/10/10
565,Oriana Ansteys,Quality Control Specialist,Female,Ārt Khwājah,6142,1963/08/01
566,Arlin Boas,Teacher,Male,Lampang,1518,1970/09/16
567,Kristofer Romero,Internal Auditor,Male,Slobodka,2241,1995/03/06
568,Ruprecht Ballham,Food Chemist,Male,Yezhou,4899,1979/10/07
569,Roth Cann,Design Engineer,Male,Kamárai,4433,1980/10/22
570,Marc Proffer,Environmental Tech,Male,Sendang,4633,2004/02/19
571,Aila Burnes,Help Desk Technician,Female,Taosha,9744,1986/04/28
572,Tanhya Horley,Administrative Officer,Female,Golema Rečica,6582,1963/09/05
573,Vitoria Hingeley,Software Engineer IV,Female,Alabug,5606,1977/07/14
574,Vivia Joutapavicius,Assistant Manager,Female,Paranaguá,7791,1973/06/23
575,Pippa Paton,Senior Cost Accountant,Female,Qingxi,1437,1984/10/17
576,Harriot Heater,Professor,Female,Casimiro de Abreu,8944,1988/03/18
577,Karita Garrigan,Senior Quality Engineer,Female,Não Me Toque,6585,2018/08/05
578,Torrey Kirwan,Help Desk Operator,Male,Iwonicz-Zdrój,5584,2003/12/23
579,Lennie Dadge,Accounting Assistant II,Male,Qingkenpao,1129,1975/08/16
580,Shell Carp,Senior Cost Accountant,Male,Krajan Puger Wetan,8771,1964/10/18
581,Gwyneth Piwell,Research Assistant III,Female,Nguigmi,9230,1999/06/09
582,Renaldo Birchenhead,Environmental Specialist,Male,East Angus,6128,2018/05/21
583,Hadlee Fitzroy,Recruiting Manager,Male,Pámfylla,9910,1962/06/15
584,Charil Batters,Librarian,Female,Alpedrinha,4200,1960/07/21
585,Averil Kopecka,Web Designer I,Genderqueer,Gaoqiao,5477,1971/06/14
586,Roxanne Cosbey,Senior Cost Accountant,Female,Zbrosławice,5266,2003/10/01
587,Bev Stringfellow,Account Representative I,Polygender,Fontinha,8417,1986/11/29
588,Claudianus Beathem,Legal Assistant,Male,Cukangpanjang,4365,2011/04/29
589,Nicholas Picker,Speech Pathologist,Male,Bořetice,7075,2017/01/11
590,Violetta Stapels,Marketing Assistant,Female,Xinchenglu,8168,2010/04/20
591,Elane Ivkovic,Technical Writer,Female,Spitsevka,2434,1977/08/01
592,Lilias Lesor,Compensation Analyst,Female,Baoshan,1692,1952/10/09
593,Christian Seawell,Payment Adjustment Coordinator,Female,Krasnodon,2868,1988/05/16
594,Mona Keuneke,Design Engineer,Female,Venda do Valador,2337,1964/02/07
595,Carlynne Lantiff,Marketing Assistant,Agender,Dajalorong,6336,1970/10/31
596,Sherwin Kupke,Desktop Support Technician,Male,Vostochnyy,5368,1997/04/22
597,Josepha Howison,Operator,Female,Kalangbret,3155,1984/03/23
598,Teressa Tither,Environmental Specialist,Female,Oxbow,4657,1986/04/16
599,Cassi Adelman,Nuclear Power Engineer,Female,Lederaba,9572,2017/08/27
600,Zita Symmons,Director of Sales,Female,Naushahro Fīroz,3513,1982/11/19
601,Rodi Pittwood,Editor,Female,Shireet,1455,2015/08/04
602,Harriet Bolton,Statistician II,Female,Metu,3810,1991/04/03
603,Odele Phythean,Analog Circuit Design manager,Female,Skënderbegas,1732,1965/10/26
604,Goldina Coppock.,Computer Systems Analyst I,Female,Mombetsu,7279,2009/08/23
605,Haroun Englefield,Staff Accountant II,Male,Pietermaritzburg,9838,1964/06/01
606,Megan Kevane,Budget/Accounting Analyst I,Female,Banjar Sedang,9224,1982/05/10
607,Mollie Gasparro,Desktop Support Technician,Female,London,9578,1978/07/10
608,Amargo Brouwer,Physical Therapy Assistant,Female,Nowlamary,6203,1987/07/19
609,Hervey Stuckey,Community Outreach Specialist,Male,Kayan,2715,1992/10/13
610,Charlotta Pear,Account Coordinator,Female,Novallas,1243,2002/11/03
611,Pyotr Matheson,Engineer II,Male,Murygino,3089,1986/10/22
612,Neille Halfhyde,Staff Scientist,Female,Stockholm,8432,1963/01/05
613,Karyn Lavington,Paralegal,Female,Rachanie,3195,1954/01/03
614,Dewitt Gorick,Environmental Tech,Male,Francos,3440,2015/11/21
615,Roarke Rosiello,Professor,Male,Ostrov,3767,2003/06/29
616,Sky Laidel,Analyst Programmer,Male,Episkopí,4699,2020/02/08
617,Jorgan Outridge,Senior Editor,Male,Guangfu,7683,1979/08/29
618,Dalt Fann,Information Systems Manager,Male,Embi,8816,1952/08/14
619,Derwin Harrop,Accounting Assistant III,Male,Mateur,1346,1958/08/04
620,Rodger Osgorby,VP Sales,Male,Tvøroyri,4225,1999/03/07
621,Frannie Sponder,Sales Representative,Female,Kiten,6272,2018/01/13
622,Zebulon Mollene,Administrative Assistant IV,Male,Hesi,8346,1989/11/12
623,Tabbie Seabert,Teacher,Male,Krugersdorp,6501,1980/09/29
624,Webster Reasce,Account Executive,Male,Kobylanka,6283,2008/12/10
625,Lauren Wardingley,Health Coach III,Male,Tavira,2297,1989/10/14
626,Iris Sherwell,Information Systems Manager,Female,Vaulx-en-Velin,9287,1973/07/28
627,Lawrence Margrem,Financial Analyst,Male,Stari Grad,1779,1982/09/17
628,Lenore Fullylove,Food Chemist,Polygender,Mirovka,2742,2012/11/18
629,Appolonia Samples,Senior Editor,Female,Horní Suchá,9903,1969/06/04
630,Dunc Sandeland,Recruiting Manager,Male,Gobernador Costa,9757,2018/09/05
631,Kele Stapley,Design Engineer,Male,Lerum,8984,1993/08/23
632,Heloise Leavens,Chief Design Engineer,Female,Orlando,4542,1964/04/22
633,Melita Stode,Senior Quality Engineer,Female,Minjian,4239,1982/04/05
634,Josefina MacAulay,Graphic Designer,Female,Budapest,2982,1995/07/05
635,Alexander Divisek,Budget/Accounting Analyst III,Male,Ratoath,3813,1962/07/17
636,Thor Kahan,VP Accounting,Male,Bocos,8184,1979/02/16
637,Phoebe Rennard,Administrative Assistant II,Female,Bulubrangsi,1762,1950/03/12
638,Rici Valentinuzzi,Business Systems Development Analyst,Female,Chimichagua,1059,1990/07/16
639,Morgan McGuirk,Systems Administrator III,Female,Uyutne,1354,1951/06/10
640,Sophi Jurisic,Budget/Accounting Analyst I,Female,Donskoy,3177,2007/06/25
641,Ashlin Broader,Senior Cost Accountant,Male,Zipárion,4207,1951/08/21
642,Gracia Gaule,Automation Specialist III,Female,Al Miftāḩ,7434,1998/07/11
643,Sawyer Bracci,Web Developer II,Male,Rufino,2597,1980/06/07
644,Bethany Briggdale,Executive Secretary,Female,Stamford,2465,2001/08/09
645,Alis Varden,Speech Pathologist,Female,Rtyně v Podkrkonoší,2351,1985/01/09
646,Enrico Cowden,Recruiter,Male,Danyang,6122,2007/02/02
647,Dennison Kosel,Staff Scientist,Male,Leninogorsk,9609,1961/01/06
648,Kimble Sebert,Research Associate,Male,Markópoulo,4310,2008/05/13
649,Donovan Dearness,Staff Scientist,Male,Årjäng,3910,2001/10/29
650,Eudora Roughan,Legal Assistant,Female,Neepawa,2222,2015/10/13
651,Elsa Manston,Quality Engineer,Female,Schellenberg,1254,1990/05/19
652,Midge Fidelus,Design Engineer,Female,Silca,7752,1978/12/30
653,Sonia Worrell,Accounting Assistant IV,Female,Leceia,1437,2017/02/04
654,Aila Moston,Human Resources Manager,Female,Granville,1199,1972/07/24
655,Nikki Patria,Desktop Support Technician,Male,Horta,6554,1985/04/21
656,Josy Killen,Nuclear Power Engineer,Female,Huangling,5952,1995/09/25
657,Allie Oleszkiewicz,Social Worker,Female,Batutulis,7382,1976/06/20
658,Niko Saywood,Account Executive,Bigender,Shitang,6575,1976/08/15
659,Gianina Measey,Account Coordinator,Female,København,3279,1999/04/08
660,Hyman Scrine,Nurse,Male,Progreso,3562,1999/10/15
661,Jerome Roo,Structural Analysis Engineer,Male,Lindavista,7560,2011/03/26
662,Auberon Foxwell,Help Desk Technician,Male,Rio Claro,7639,1958/07/30
663,Normie Trudgion,Librarian,Male,Heyou,9444,1992/12/26
664,Kelvin Retallick,VP Marketing,Male,Cornillon,8823,1971/01/03
665,Selma Bediss,Financial Analyst,Polygender,Cibatuireng,3201,1981/05/12
666,Rosemaria Spavins,Research Nurse,Female,Anahuac,3314,1963/10/02
667,Leia Styles,Programmer II,Agender,Carregal,6259,1975/01/30
668,Theresa Delooze,VP Accounting,Female,Hudson Bay,4386,1975/02/24
669,Zacharias O' Liddy,Safety Technician IV,Bigender,Tassin-la-Demi-Lune,5981,2021/12/08
670,Penny Fullager,VP Marketing,Male,Mafraq,2304,1997/08/13
671,Chrotoem Dulake,Desktop Support Technician,Male,Hekinan,3642,2007/09/20
672,Cariotta Emmer,Biostatistician IV,Female,Geneng,4948,1967/12/26
673,Vivianna Blackesland,Senior Editor,Female,Chaem Luang,3541,1971/03/28
674,Glynda Aizik,Marketing Manager,Female,Lushnjë,1113,1967/11/14
675,Dennie Karleman,Administrative Officer,Polygender,Jermenovci,1083,1980/09/08
676,Jaye Cosstick,Statistician II,Male,Pindangan Centro,2549,2018/12/31
677,Fredia Honack,Account Executive,Female,Sanhe,3802,2020/09/08
678,Salaidh Gamlyn,Sales Representative,Genderfluid,Tongyangdao,9211,1963/03/24
679,Merrielle Leason,Media Manager IV,Female,Columbia,7951,1988/06/29
680,Toby Pountney,Analog Circuit Design manager,Polygender,Stockholm,5152,1992/06/06
681,Christalle Kilbourne,VP Quality Control,Female,Jinhu,8156,1957/12/13
682,Reagen Drury,VP Quality Control,Male,Zhaoxian,4937,2008/04/14
683,Derrek Alyoshin,Senior Developer,Male,Vareiá,3089,2001/07/29
684,Constantine Fever,Recruiter,Female,Bangelan,2251,2016/12/15
685,Tanner Navaro,Account Executive,Male,Dzyarzhynsk,5216,2020/01/21
686,Cristi Delamar,Account Coordinator,Non-binary,Hiratsuka,4081,2006/10/10
687,Sibelle Marques,Editor,Female,Saint-Joseph-de-Coleraine,8268,1981/07/04
688,Gavra Giblin,Physical Therapy Assistant,Female,Nice,6623,1970/09/12
689,Lindsey Mollene,Chemical Engineer,Female,Oguma,9785,2010/11/22
690,Saw Dymick,Electrical Engineer,Male,Bilian,6791,2013/05/09
691,Morgun Pointing,Electrical Engineer,Male,Hengshui,3716,1971/10/19
692,Lionello Sprade,Structural Analysis Engineer,Male,Shiyan,7416,1988/05/06
693,Tabbitha Charity,Director of Sales,Female,Settat,1703,1981/08/08
694,Alberto Eburne,VP Product Management,Male,Trollhättan,3852,2020/02/23
695,Marie Postan,Chemical Engineer,Female,Khamyāb,1132,1953/07/04
696,Timotheus Cutmere,Technical Writer,Male,Cheongsong gun,9918,1970/02/11
697,Michel McMains,Information Systems Manager,Female,Kayakent,5656,1972/06/27
698,Harmonie Halfhead,Social Worker,Female,Siquirres,7999,1985/06/21
699,Jeane Jovic,Data Coordinator,Female,Nong Yai,4443,2000/12/10
700,Donia Angric,Electrical Engineer,Polygender,Sinjai,6801,1991/12/26
701,Karel Smorthit,Legal Assistant,Female,Dengmu,1065,2007/11/01
702,Gretel Taillard,Registered Nurse,Female,Beya,9858,1977/09/25
703,Thea O'Keefe,Electrical Engineer,Female,Chatturat,6666,2004/10/26
704,Fredric Fusco,Human Resources Manager,Male,Pag,5873,2017/06/05
705,Antonio Landell,Media Manager III,Male,Yaruchel,6983,2018/12/25
706,Kale McAdam,Geologist III,Male,Sumberkenanga,8843,2001/10/25
707,Rancell Grazier,Project Manager,Male,Kaczory,7249,1992/07/24
708,Levy Gayton,Mechanical Systems Engineer,Male,Perreng,3432,1995/04/13
709,Timoteo Hurlin,Assistant Manager,Male,Debesy,9989,2007/08/30
710,Crawford Ainsworth,VP Product Management,Male,Turar Ryskulov,6068,1972/11/15
711,Alain Santon,Physical Therapy Assistant,Male,Perth,8246,2004/07/30
712,Floria Poveleye,VP Quality Control,Bigender,Guzhuyingzi,7533,2001/08/25
713,Jemmy Blees,Software Engineer III,Female,Boa Vista,6378,1989/03/13
714,Elfrieda Harrald,Sales Associate,Female,Sukomulyo,2269,1960/10/24
715,Margaretha Barcroft,Graphic Designer,Female,Longxian Chengguanzhen,2845,1989/02/14
716,Katee O'Cannovane,Physical Therapy Assistant,Female,Maghār,8703,1999/11/27
717,Pincas Elbourne,Structural Analysis Engineer,Male,Dallas,1664,1952/08/17
718,Edd Brindle,Senior Cost Accountant,Male,Stockholm,4573,2017/06/21
719,Aubine McGoon,Paralegal,Female,Kananya,5213,1977/01/09
720,Abbye McCallion,Quality Engineer,Female,Gaoqiaolou,4018,1951/06/21
721,Glynnis Gierth,Assistant Media Planner,Female,Mantalongon,1005,1977/01/07
722,Jefferson McPhilemy,Sales Representative,Male,Gelgaudiškis,6421,1990/10/03
723,Wenonah Reilly,Software Test Engineer III,Female,Pringgabaya,1234,1994/02/01
724,Berke Christoffels,Registered Nurse,Male,Shewopo,5449,1996/11/06
725,Craggy Donnan,Legal Assistant,Male,Ush-Tyube,5163,1978/03/19
726,Cahra Gyver,Associate Professor,Agender,Ageoshimo,6043,2013/05/21
727,Dylan Waters,Marketing Manager,Male,Villa Ocampo,3908,1955/02/13
728,Humfried King,Nurse,Male,Lions Bay,3364,1964/04/27
729,Pier Twinbourne,Administrative Officer,Female,Birni N Konni,5732,1967/12/26
730,Jo-anne Garbar,Speech Pathologist,Female,Pitangui,8369,2006/04/27
731,Kristan Foxen,Structural Engineer,Female,Vineuil,3044,1988/08/19
732,Lelah Monck,Senior Cost Accountant,Female,Nanjing,2452,1953/12/19
733,Marni Drane,Recruiting Manager,Female,Liutangting,8311,2010/07/22
734,Ruthy Barron,Web Designer IV,Female,Ning’er,7311,2017/04/20
735,Sibylla Cornthwaite,Marketing Manager,Polygender,Gaojiabu,6838,1966/03/30
736,Klaus Dowyer,Geologist II,Male,Allen,9836,1952/12/17
737,Sara Tennick,Administrative Officer,Female,Khadzhalmakhi,4751,2012/03/29
738,Xymenes Leighfield,Structural Engineer,Male,Lazeshchyna,1652,2010/04/09
739,Bertie Matiasek,Marketing Assistant,Female,Biltine,8414,1960/10/09
740,Heath O'Crigane,Health Coach IV,Female,Chigoré,8963,1978/10/14
741,Claretta Kilius,Statistician II,Bigender,Naberezhnyye Chelny,3001,2010/06/01
742,Pincus Proschek,Help Desk Operator,Male,Anyu,4281,1978/03/26
743,Hymie Bickerstaff,Help Desk Technician,Non-binary,Gamut,3678,1969/01/27
744,Maure Gerren,Quality Control Specialist,Female,Novo Hamburgo,4961,2012/07/22
745,Giffy Grishechkin,Librarian,Male,Tagapul-an,6024,1978/05/04
746,Maude Landeaux,Operator,Female,Yeni Suraxanı,3581,1969/09/18
747,Samuele Mattessen,Project Manager,Male,Wufu,2136,1996/10/23
748,Brandy Bickerdike,Mechanical Systems Engineer,Male,Gaofeng,3915,2012/03/15
749,Davin Ibbeson,Analog Circuit Design manager,Male,Suruhwadang,9074,1966/02/20
750,Heather Mont,VP Quality Control,Female,Montes Claros,8607,1984/06/02
751,Stefa Omond,Dental Hygienist,Female,Alavieska,9879,1956/07/11
752,Quinta Longstreeth,Food Chemist,Female,Juliaca,8914,1979/05/29
753,Horst Ownsworth,Executive Secretary,Male,Myadzyel,2858,1990/07/14
754,Hal Titcombe,VP Sales,Male,Iporá,7261,1993/05/23
755,Ellie Marr,Programmer III,Female,Gangbian,6595,1964/05/25
756,Shurlocke Gloy,Help Desk Technician,Male,Karjalohja,9623,2014/09/04
757,Raeann Kick,Assistant Media Planner,Bigender,Duqiao,2840,1958/09/29
758,Chancey Crotty,Occupational Therapist,Male,Peremyshl’,3969,1955/04/25
759,Ivan Spoors,General Manager,Male,Longtanhe,5254,1972/03/13
760,Adolph Benini,Chemical Engineer,Male,Huangqiao,8646,1976/03/17
761,Phineas Bathersby,Human Resources Assistant IV,Male,Strasbourg,2414,1971/12/17
762,Wilie Gilogly,Payment Adjustment Coordinator,Genderqueer,La Sebala du Mornag,4038,1952/06/21
763,Hew Hunn,Actuary,Male,Kindersley,4006,1953/01/11
764,Shirley Sallis,Dental Hygienist,Female,Jimsar,3666,1988/09/20
765,Jason Gooday,Research Associate,Male,Bribir,5430,1987/03/13
766,Marjorie Umney,Desktop Support Technician,Female,Huanggang,9676,1976/02/02
767,Lindon Tinham,VP Marketing,Male,Growong Lor,5167,2001/12/23
768,Thomasina Duhig,Environmental Specialist,Female,Korenovsk,3051,2014/04/21
769,Else Sleaford,Actuary,Genderqueer,Le Tampon,3695,1976/03/19
770,Maryjane Oboy,Safety Technician III,Female,Xihongmen,3813,2020/01/01
771,Karoly Sowood,Registered Nurse,Male,Milltown,1426,2017/10/29
772,Briana Dugall,Computer Systems Analyst IV,Female,Pangalangan,5907,1989/11/26
773,Matt Marlor,Web Developer IV,Male,San Antonio,7179,1972/08/04
774,Dewie Paddison,Human Resources Assistant II,Male,Kuantan,7278,1958/09/13
775,Davidde Trevaskus,Marketing Assistant,Genderfluid,Silvares,6130,2006/04/09
776,Angeli Kinder,Account Representative I,Male,Tuanchengshan,6642,1972/08/09
777,Deni Littlefield,Registered Nurse,Female,Chortkiv,5092,2023/02/19
778,Skelly Jelks,Accounting Assistant II,Male,Zhongshan,3087,1990/01/07
779,Beverlee Horsburgh,Librarian,Female,Nova Prata,6850,1951/12/13
780,Terrill Robers,Accounting Assistant I,Male,Buayan,1776,1978/04/21
781,Gunter Duplan,Account Executive,Male,Nentón,9881,2017/03/15
782,Kesley Laurent,Cost Accountant,Female,Wuli,8973,1953/11/08
783,Natasha Creeghan,Tax Accountant,Female,Yueyang,1837,1992/05/20
784,Ludwig Tift,Marketing Assistant,Male,Kuching,9028,2016/02/21
785,Ingamar De Vries,Analog Circuit Design manager,Male,Buritis,8563,1995/12/14
786,Samaria Ennew,Assistant Media Planner,Female,‘Eilabun,3961,1992/01/12
787,Gabriele Fritschmann,Recruiting Manager,Male,Longhua,7104,1980/10/15
788,Shane Logg,Sales Representative,Female,Santa Cruz,7763,1986/09/05
789,Mendel Longstaffe,Accountant I,Male,Parque Industrial,4642,2014/06/17
790,Marcelo MacCorkell,Quality Control Specialist,Male,Loučná nad Desnou,4830,1966/02/18
791,Mirabel Woolger,Nurse,Female,Brak,7863,2003/05/24
792,Lily Huscroft,Compensation Analyst,Female,Miān Channūn,8434,2019/05/31
793,Eldridge Cuckoo,Paralegal,Male,Kembangarum,9471,1984/09/28
794,Enos Gutteridge,Design Engineer,Male,Ongandjera,3222,1961/11/19
795,Karlis Baudy,Structural Analysis Engineer,Male,Port Saint Lucie,5417,2004/06/24
796,Seward Spavon,Information Systems Manager,Male,Santa Rosa de Aguán,2400,2021/01/12
797,Edyth Kinneir,Community Outreach Specialist,Non-binary,Al Marj,4907,1972/03/26
798,Cullan Chomicz,Tax Accountant,Polygender,Miratejo,5419,1978/05/17
799,Lucinda Clew,Design Engineer,Female,Taiyuan,2848,2023/05/30
800,Maridel Allgood,Food Chemist,Female,Beroroha,3183,1983/08/05
801,Jolynn Agget,Software Engineer II,Female,Girey,9033,1983/11/14
802,Rocky Patty,Budget/Accounting Analyst II,Male,Changqiao,3493,1968/12/01
803,Rae Senussi,Senior Sales Associate,Female,Mugan,8940,1960/01/31
804,Jilli Warbys,Executive Secretary,Genderqueer,Lingcheng,8838,2006/03/31
805,Marcus Osmar,Quality Engineer,Male,Koror,3022,2016/04/10
806,Celle Elvins,Teacher,Female,Delaware,1212,1981/04/22
807,Vaclav Firsby,Internal Auditor,Male,Hässelby,5314,1968/01/17
808,Everett Goranov,Legal Assistant,Male,Carpenter,9716,2003/02/12
809,Ambrose Itzakson,Safety Technician III,Male,Wiri,5150,1966/11/07
810,Verine Grigoryov,Tax Accountant,Female,Klimontów,8471,1995/03/23
811,Georgeanna McKeeman,Database Administrator IV,Female,Perehonivka,3619,1971/06/03
812,Katlin Voller,Nurse Practicioner,Female,Klirou,2149,1999/12/17
813,Ferd McGebenay,Senior Financial Analyst,Non-binary,Abashiri,1094,1976/01/29
814,Moreen Noli,Desktop Support Technician,Female,Encontrados,6448,2001/07/20
815,Kassandra Pauncefoot,Business Systems Development Analyst,Female,Nyzhni Petrivtsi,9751,1999/11/13
816,Nigel Chessun,Analog Circuit Design manager,Polygender,Wojsławice,6822,2023/05/22
817,Lauralee Bullerwell,Senior Financial Analyst,Female,Viñac,7587,1988/11/20
818,Nicola Habergham,Chief Design Engineer,Male,Baozi,3592,1957/08/29
819,Paulie Graham,Account Executive,Male,Monaragala,2391,2020/07/14
820,Olenka Apps,Budget/Accounting Analyst II,Female,Thị Trấn Lâm,8121,2010/09/24
821,Taddeusz Gasquoine,Dental Hygienist,Male,Jembayan Hitam,7749,1965/07/07
822,Durand Horbath,Automation Specialist I,Male,Wulongshan,3698,1951/04/29
823,Dorri Janodet,Help Desk Technician,Female,Taihe,1217,2010/03/23
824,Joline Brand,Senior Developer,Female,Goragorskiy,4286,2004/11/07
825,Lauren Davidavidovics,Account Coordinator,Female,Melchor Ocampo,3949,1954/11/28
826,Matthew Raddenbury,Senior Developer,Male,Tuanjie,2924,2014/11/12
827,Lek Peers,Mechanical Systems Engineer,Male,Aoluguya Ewenke Minzu,7660,2012/10/29
828,Lockwood Olander,Internal Auditor,Male,Pinoma,3193,1972/10/28
829,Steffi Cason,Systems Administrator II,Female,Shaoguan,3473,1953/07/27
830,Dawna Madgwich,Accountant III,Female,Boden,6303,1980/04/22
831,Keefer Morphet,Senior Cost Accountant,Male,Trongsa,6467,2023/01/27
832,Alessandro Truss,Chief Design Engineer,Male,Borek Wielkopolski,2121,1967/05/02
833,Payton Faircliffe,Accounting Assistant I,Male,Pop Shahri,1352,1965/03/10
834,Chris Scrowston,Environmental Specialist,Male,Enrile,4101,2015/02/12
835,Jacinda Mousdall,Recruiting Manager,Agender,Aurelliana,3335,2012/08/23
836,Miguela Brackstone,Electrical Engineer,Female,Zürich,4538,2018/09/25
837,Normie Stollmeyer,Chemical Engineer,Male,Nevesinje,5058,1967/05/23
838,Tracey Carmichael,Human Resources Assistant II,Female,Jikamshi,2040,2017/08/23
839,Lorianne Stripling,Graphic Designer,Female,Iúna,6711,2004/11/24
840,Kalvin Hardison,Automation Specialist IV,Male,Nacka,2047,2009/09/02
841,Gardner Ayscough,Statistician II,Male,Wang Nam Yen,4274,1962/10/23
842,Ronda Speke,Help Desk Operator,Female,Preko,6650,2003/11/28
843,Deborah Harmon,Clinical Specialist,Female,Makapanstad,4711,2019/01/09
844,Rodney Chelnam,Business Systems Development Analyst,Male,Hagi,3992,1975/08/29
845,Trevor Austing,Chemical Engineer,Male,Yitang,5657,2015/02/12
846,Linoel Corse,Senior Financial Analyst,Polygender,Klimovsk,8122,1957/06/19
847,Christina Roose,Recruiting Manager,Female,Sinop,7043,1979/09/22
848,Ewan Fairclough,Chemical Engineer,Male,Las Varillas,1714,1996/08/15
849,Rhea Burrells,Recruiting Manager,Female,Beizheng,2377,2010/07/11
850,Brinna Glasman,Desktop Support Technician,Female,Ntsoudjini,2444,1968/01/25
851,Erma Jelk,Cost Accountant,Female,Tian’an,9976,2002/10/20
852,Innis Rulten,Assistant Media Planner,Male,Siqiao,4024,2008/04/12
853,Jude Fritchly,Speech Pathologist,Male,Lembang,6312,1996/11/26
854,Salim Christofle,Speech Pathologist,Male,Massy,6253,2002/10/05
855,Milena Harrod,Administrative Officer,Female,Hezhi,2545,1975/06/03
856,Alasteir Attkins,Financial Advisor,Male,Shijie,4000,2003/12/09
857,Neale Gynne,Analyst Programmer,Male,Vilarinho da Castanheira,6999,1953/03/29
858,Hasheem Studman,Safety Technician III,Male,Kota Kinabalu,9676,1983/06/26
859,Tito Tackell,Programmer IV,Male,Sam Ngam,8167,2000/03/04
860,Patrizius Kerins,Paralegal,Male,Selishche,6607,1959/08/03
861,Trudie Cluer,Business Systems Development Analyst,Female,Bungursari,1631,2022/08/11
862,Mohandis Dumper,Tax Accountant,Male,Bonnyville,7067,2004/04/22
863,Micah Ruperto,Programmer Analyst I,Male,Duwaktenggi,4642,1960/05/03
864,Lynette Gaish,Staff Accountant II,Female,Pataruman,4282,1963/03/09
865,Zorana Yarnley,Account Executive,Female,Strzelin,5993,1979/03/31
866,Currie Kennett,Financial Analyst,Agender,Yuejin,2332,1997/05/17
867,Iseabal Westwater,Accounting Assistant I,Female,Dal’nerechensk,8445,1986/06/19
868,Xerxes Dowling,Staff Accountant I,Male,Alivéri,1690,1957/05/10
869,Astrid Elan,Help Desk Technician,Female,Nikinci,3395,1958/10/09
870,Melesa Skepper,Accountant I,Female,Bayangol,3595,2010/01/11
871,Tuck Schleicher,Financial Advisor,Male,Cilimus Kulon,7557,2009/11/07
872,Lindie Schrei,Electrical Engineer,Female,Xiaoruo,4713,1975/10/29
873,Dougie Congreave,Senior Sales Associate,Male,Daogao,9022,1979/03/11
874,Towny Hindsberg,Librarian,Polygender,São Luís do Quitunde,1009,2013/12/14
875,Katinka Dashkov,Account Executive,Female,Zhongcun,7256,1956/05/20
876,Bibi Finnemore,Computer Systems Analyst IV,Female,Parkent,1012,2012/07/09
877,Marve Maynell,Database Administrator III,Male,Zlechov,1179,2012/04/17
878,Fanny Ivanusyev,Senior Editor,Female,Talibura,3975,1953/06/17
879,Herminia Ranger,Marketing Manager,Female,Wyszki,5662,2010/02/21
880,Caspar Duggen,Pharmacist,Male,Grigoropolisskaya,1059,1960/09/16
881,Yurik McMorran,Technical Writer,Male,Nagykanizsa,9799,1956/02/05
882,Onofredo Brimley,Help Desk Technician,Male,Gannan,9059,1954/03/09
883,Tresa Castano,Senior Financial Analyst,Female,Batur Kidul,9350,1953/01/08
884,Huntington Schirak,Assistant Media Planner,Male,Shcherbinka,5041,1991/12/17
885,Kain Espinal,Business Systems Development Analyst,Male,Ribaldeira,9209,2007/04/04
886,Gerianna Bultitude,Human Resources Manager,Female,Vila Nova,2322,1975/01/17
887,Christye Goathrop,Assistant Professor,Female,Strasbourg,3063,1955/10/13
888,Jo-anne Kitchingman,Assistant Media Planner,Female,Yangtan,4496,2002/09/08
889,Farly Glidden,Registered Nurse,Male,Claver,1641,1995/08/21
890,Rube Ovise,Software Engineer I,Male,Kota Kinabalu,4091,1995/08/14
891,Bevin Ferruzzi,Administrative Assistant II,Male,Bombarral,9681,1997/09/15
892,Skippy Lawling,Developer IV,Male,Pojok,5440,2020/02/27
893,Letty Myrkus,Administrative Officer,Female,Puteran Kidul,3471,1988/10/23
894,Terrie Slobom,Biostatistician I,Female,Vale da Bajouca,6933,2004/10/26
895,Nicholas Sanches,Nurse,Male,Berlín,5577,2011/02/12
896,Avrom Geator,Research Assistant I,Male,Imaan,3226,1977/12/15
897,Judon Lupton,Structural Engineer,Male,Longwu,5611,2015/09/21
898,Katti Joseph,Desktop Support Technician,Female,Skolkovo,7470,1979/03/26
899,Kip Hedderly,Accountant I,Male,Soutocico,2050,1997/01/30
900,Anastasia Ambrosini,Information Systems Manager,Female,Winseler,4324,2015/04/23
901,Kris Isselee,Nurse Practicioner,Male,Laba Goumen,3474,1970/10/31
902,Panchito Pohl,Quality Control Specialist,Male,El Zulia,2712,1962/08/02
903,Angeline Dressel,Data Coordinator,Female,Haykashen,7231,2010/05/08
904,Marlane Ishaki,Statistician I,Female,Panchagarh,7490,2004/12/12
905,Halley Knight,Recruiting Manager,Female,San Francisco,6821,1978/07/31
906,Constantine Smitheram,Nurse Practicioner,Female,Södertälje,2194,1977/04/12
907,Mackenzie Urlin,Research Assistant I,Non-binary,Sijiu,3481,2009/04/09
908,Cynthea Tippell,Civil Engineer,Bigender,San Isidro,6721,1990/07/11
909,Pollyanna Aikenhead,Web Developer II,Female,Taramana,1186,1968/04/25
910,Sonnie Hammersley,Quality Engineer,Female,Bantul,1065,2023/01/25
911,Mayer Spencelayh,Staff Scientist,Male,Azovo,2238,1992/10/06
912,Baldwin Scorthorne,Research Nurse,Male,Yukuriawat,2264,1950/02/17
913,Kial Macbane,Senior Quality Engineer,Female,Skoki,7070,1963/11/12
914,Miguela Surby,Nurse,Female,Zhiqing Songduo,6608,1984/05/25
915,Burr Maior,Geologist I,Male,Safi,7949,2002/11/23
916,Ernestus Ewbanke,Assistant Media Planner,Genderqueer,Nürnberg,9979,2019/05/22
917,Kevan Littleover,Recruiting Manager,Male,Natal,3224,1960/07/12
918,Stacie Roantree,Cost Accountant,Female,Orlovskiy,4674,1987/09/01
919,Kristal Sproston,Senior Developer,Female,Cabeço de Vide,6254,1965/12/10
920,Annice Karlsson,Senior Sales Associate,Female,Warmbaths,5913,1993/07/14
921,Donna Jikovsky,Senior Cost Accountant,Female,Targuist,2324,2012/09/27
922,Nikaniki Pelfer,Budget/Accounting Analyst IV,Female,Cartí Suitupo,1114,2002/03/07
923,Bancroft Taborre,Actuary,Male,Vila Franca das Naves,5039,1990/12/03
924,Jerrilyn Santori,Paralegal,Female,Shchigry,3201,1995/07/16
925,Vachel Bussel,Legal Assistant,Male,Beolgyo,8431,1959/08/07
926,Keriann Bentke,Senior Editor,Female,Courtaboeuf,2082,1999/12/02
927,Sonny Davidovich,Desktop Support Technician,Male,Shishang,1502,2011/06/03
928,Conan Brook,Geological Engineer,Male,Nansan,5294,2017/12/20
929,Barr Almey,Junior Executive,Male,Richky,8391,1982/11/20
930,Mignon Crighton,Librarian,Female,Lincoln,6700,1994/12/27
931,Hedda Sowrey,Nuclear Power Engineer,Agender,Kosong,2146,1988/11/18
932,Torre Sagrott,Associate Professor,Male,Vessada,7604,1982/07/02
933,Sutherlan Farry,Social Worker,Genderqueer,Potoru,8747,1958/04/05
934,Salem Letcher,Human Resources Manager,Male,Baisha,7647,1982/08/26
935,Roxine Dymidowski,Data Coordinator,Female,Namioka,7211,2005/06/24
936,Blondell Hartigan,Professor,Female,Zouma,9661,1950/12/04
937,Wileen Marian,Senior Quality Engineer,Female,Sishilichengzi,2617,1956/12/28
938,Pavia Tendahl,Administrative Officer,Female,Tarauacá,9490,2008/12/16
939,Tarrah Jeynes,VP Accounting,Female,Coronel,4499,1973/04/12
940,Barton Linsay,Chief Design Engineer,Male,Gotovlje,2777,1956/09/19
941,Jany Focke,Chief Design Engineer,Female,Černošín,1874,2000/07/18
942,Hermione Ewles,Automation Specialist I,Female,Ningchegu,5944,2002/01/12
943,Grantley Gunner,Design Engineer,Male,Dūkštas,9781,1985/12/18
944,Cherri Kunneke,Civil Engineer,Female,Fresnes,2782,1989/04/25
945,Pooh Gloy,Actuary,Female,Xinzhou,1919,1962/04/25
946,Janeva Blood,Senior Cost Accountant,Female,Zhaodong,5359,1993/01/06
947,Augy Garnsworthy,Associate Professor,Male,Berlin,4393,1967/08/30
948,L;urette Roebottom,Human Resources Assistant III,Female,Lorraine,1866,2009/05/31
949,Zonda Joscelyne,Information Systems Manager,Female,Frankfort,7708,1999/02/03
950,Flor Crandon,General Manager,Female,Załuski,1263,1961/09/27
951,Eden Rizzetti,Database Administrator IV,Female,Sokolovyy,2018,1962/06/09
952,Ellissa West,Data Coordinator,Female,Bailang,2637,1952/01/05
953,Roi Burdus,Software Consultant,Male,Aviá Terai,5115,1981/09/24
954,Morrie Bloy,Marketing Assistant,Bigender,Zhanjiang,4992,1954/07/26
955,Deanna Kleeborn,Social Worker,Female,Trmice,7674,1962/12/01
956,Thomasa Tyrer,Speech Pathologist,Female,Starigrad,5651,1988/11/25
957,Sabine Whodcoat,Human Resources Assistant I,Female,Xiache,4723,2019/04/18
958,Davide Sheriff,Senior Sales Associate,Male,Nantes,8990,2000/02/02
959,Hildagarde Sima,Director of Sales,Female,Xinhuang,5564,1988/12/08
960,Nat Di Meo,Environmental Specialist,Female,Emiliano Zapata,2921,1997/02/28
961,Pren Weigh,Senior Financial Analyst,Male,Dingqing,2479,1961/06/07
962,Giulietta Calltone,Programmer Analyst I,Female,Columbus,3566,1987/09/03
963,Dru Corwin,Environmental Specialist,Male,San Pedro Masahuat,5743,1977/12/06
964,Ronny Wortt,Assistant Media Planner,Male,Danan,3268,2007/11/26
965,Gail Kennady,Senior Editor,Female,Conima,1492,2012/11/30
966,Herve Boaler,Human Resources Manager,Male,Agustín Codazzi,5666,1951/03/24
967,Vanna Edworthy,Design Engineer,Female,Changping,6971,1950/05/08
968,Cindi McCray,Information Systems Manager,Female,Cherryville,7336,1981/12/29
969,Aarika Rapport,Quality Control Specialist,Female,Qal‘at al Andalus,1619,1959/12/23
970,Nicol Rodgman,Software Test Engineer III,Female,Masatepe,6866,1993/05/16
971,Trixy Kertess,Human Resources Assistant III,Female,Tungguwaneng,5013,1953/01/12
972,Kerry Gerault,Human Resources Manager,Bigender,Karang Kulon,9524,1963/05/17
973,Suzanne Towlson,Nurse Practicioner,Female,Obispos,9497,2003/09/12
974,Salem Tumelty,Executive Secretary,Male,Jiangwang,4442,2002/10/23
975,Kimmie Tinker,Design Engineer,Female,Ban Huai Thalaeng,2623,1959/05/11
976,Odille Humby,Nuclear Power Engineer,Female,Březí,7844,2004/02/21
977,Brandtr Lackney,Senior Developer,Male,Vancouver,1137,2009/08/13
978,Gardener Fay,Environmental Tech,Male,Parang,9665,1973/11/26
979,Flossie Glasebrook,Engineer III,Female,Zhenyuan,9787,1990/09/08
980,Nevsa Keith,Editor,Female,Xuxiake,9352,2007/01/03
981,Calla Couchman,Compensation Analyst,Female,Buckland,8026,1987/06/06
982,Sallie Pavelin,Civil Engineer,Female,Smederevska Palanka,3171,1967/03/29
983,Janey Dowdell,Food Chemist,Female,Mendeleyevo,6654,1978/05/18
984,Devonne Tudor,Accounting Assistant I,Female,Wenxing,8597,1989/07/23
985,Dietrich Florey,Librarian,Male,Al Wajh,5366,2016/03/24
986,Ad Hayhurst,Senior Developer,Agender,Pangawaren,7805,2012/11/08
987,Ryann Fidoe,GIS Technical Architect,Female,Cintawana,2090,1961/09/21
988,Antone Yurasov,Dental Hygienist,Male,San Antonio,9099,1953/04/16
989,Becka Gentile,Account Executive,Female,Cisaat,2516,1957/02/07
990,Aleece Gascoyne,Analog Circuit Design manager,Genderfluid,Hondo,1000,2014/06/22
991,Joly Ranshaw,Librarian,Female,Ketovo,3927,2015/11/11
992,Christalle Ivankov,Business Systems Development Analyst,Female,Sumberkertokrajan,1136,1967/08/11
993,Henrietta Adamiec,Chief Design Engineer,Female,Bol,2795,2000/08/03
994,Oona De Ruel,Research Associate,Female,Sionogan,6968,1978/04/27
995,Rivy Spiniello,Health Coach IV,Female,Bigaan,4710,1999/02/04
996,Happy Cobbald,Librarian,Female,Kafr Miṣr,9042,1966/01/18
997,Margit MacCorley,Registered Nurse,Female,Gaogu,3831,2011/11/19
998,Far Lammert,Research Associate,Male,Örebro,6706,1978/12/19
999,Calley Vala,Actuary,Female,Sājir,8827,1959/02/23
1000,Zenia Crunkhurn,Environmental Tech,Female,Tangier,7327,1965/03/25
