id,fullName,job,gender,city,salary,birthday
1,Saxon Verden,Help Desk Technician,Male,Koubia,2368,2023/09/17
2,Stanislaw Decaze,Account Executive,Male,Darunban,4170,2023/08/31
3,Frankie Tewkesberrie,Help Desk Operator,Male,Côn Sơn,1982,2023/08/23
4,Juliet Patient,Executive Secretary,Female,Czerniewice,9749,2023/10/30
5,Ulises Bogaert,Chemical Engineer,Male,Praia do Ribatejo,5963,2023/10/06
6,Taddeusz Covill,Biostatistician I,Male,Az Zabadānī,5929,2023/05/26
7,Jarred Tuer,Associate Professor,Male,Decatur,4988,2023/06/09
8,Corabelle Sired,VP Sales,Female,Kosów Lacki,4813,2023/04/02
9,Jeth Callar,Professor,Male,Letuyi,7686,2023/04/24
10,Ellerey Branchet,Associate Professor,Male,Taoyuan,2009,2023/01/22
11,Phillip Carlow,Compensation Analyst,Male,Gapuk,4805,2023/07/15
12,Elga Cattini,Accounting Assistant III,Female,Kiili,6733,2023/12/07
13,Gwendolyn Norquay,Nurse,Female,Concordia,4561,2023/08/09
14,Arabela Lyddon,Speech Pathologist,Female,Maslog,1480,2023/09/03
15,Cob Bettlestone,Help Desk Technician,Male,Jianyangping,3185,2023/11/02
16,Austin Emmison,VP Sales,Female,Lorient,1628,2023/06/23
17,Galvan O'Duane,Design Engineer,Male,Yang Chum Noi,3209,2023/12/11
18,Carrie Viveash,Systems Administrator I,Female,Täby,5418,2023/08/11
19,Alberik Rice,Health Coach IV,Male,Hasuda,4743,2023/10/01
20,Ingamar Erangy,Physical Therapy Assistant,Male,Lewotukan,3569,2023/10/13
21,Pace Schistl,Speech Pathologist,Male,Kroonstad,7622,2023/02/03
22,Theda McAne,Food Chemist,Female,Adelaide Mail Centre,3449,2023/11/27
23,Almire Fendlen,Director of Sales,Female,Babakansari,7105,2023/09/09
24,Miran Noton,Research Assistant III,Female,Paombong,6603,2023/04/14
25,Dorree Brandenburg,Assistant Media Planner,Female,Ganhe,7482,2023/12/28
26,Clementius Bootherstone,Staff Accountant II,Male,Ulan Hua,9889,2023/04/17
27,Liv Defraine,Operator,Female,San Diego,4388,2023/07/15
28,Luke Rainbow,Structural Analysis Engineer,Male,Molchanovo,3401,2023/03/30
29,Osbert Darrington,Geological Engineer,Male,Doyong,1903,2023/02/14
30,Camala Balme,Information Systems Manager,Female,Pelem,4160,2023/08/26
31,Batholomew Goldsack,Human Resources Manager,Male,Yulin,5900,2023/12/27
32,Harriott Penney,Marketing Assistant,Female,Huidong,2423,2023/12/17
33,George Duchasteau,Occupational Therapist,Female,"Palmas De Gran Canaria, Las",3380,2023/02/15
34,Sebastiano Andrioli,Project Manager,Male,Priob’ye,2173,2023/02/11
35,Micah Cornewell,Statistician III,Male,Kafr ad Dīk,5055,2023/06/25
36,Guido Snoxell,Analyst Programmer,Male,Energeticheskiy,1078,2023/09/29
37,Ophelie Billson,Engineer IV,Female,Simeykyne,8768,2023/04/19
38,Nanny Furlong,Payment Adjustment Coordinator,Female,Fuyu,4001,2023/06/13
39,Alice Heaselgrave,Safety Technician III,Female,Valence,5247,2023/06/02
40,Katinka Kembley,Graphic Designer,Female,Amnat Charoen,1509,2023/09/15
41,Padgett Ryal,Financial Analyst,Male,Mlimba,6747,2023/04/14
42,Mechelle Kibbye,Geologist I,Female,Castres,7730,2023/05/26
43,Rayshell Curwen,Web Designer I,Female,Songjiang,6493,2023/04/08
44,Kellen Pellitt,Cost Accountant,Male,Oklahoma City,1561,2023/01/24
45,Sioux Massie,Teacher,Female,Kitakami,7070,2023/10/30
46,Donica Lambell,Structural Engineer,Female,Qingxi,8907,2023/09/22
47,Beret Oene,Developer I,Female,Jinluo,2054,2023/08/25
48,Ringo Gresswell,Quality Engineer,Male,Olival Basto,6809,2023/06/24
49,Vicky Windsor,Statistician I,Female,Qingshui,6772,2023/11/30
50,Matias Goodbarne,Librarian,Male,Malino,5211,2023/03/21
51,Tito Chateau,Paralegal,Male,Bueng Khong Long,6000,2023/02/04
52,Karlie Greally,General Manager,Female,Ostrov,3626,2023/09/08
53,Janean Daniell,Financial Analyst,Female,Hoeyang,6580,2023/11/02
54,Maury Struijs,Analog Circuit Design manager,Male,Savanna-la-Mar,7657,2023/01/26
55,Domenico Yurikov,Help Desk Technician,Male,Dauriya,8612,2023/12/09
56,Andria Vellden,Analyst Programmer,Female,Areado,1012,2023/06/26
57,Dani Koopman,Paralegal,Male,Ayrihuanca,1235,2023/06/30
58,Klaus Turvey,Help Desk Technician,Male,Minna,7093,2023/12/12
59,Claudius Hurl,Physical Therapy Assistant,Male,Qianshan,6824,2023/06/05
60,Francklin Siccombe,Editor,Male,Zdenci,1898,2023/08/02
61,Katuscha Losel,Actuary,Female,Lagdo,4614,2023/05/11
62,Janene Blore,Senior Quality Engineer,Female,Corozal,8331,2023/05/30
63,Eal Mutlow,Community Outreach Specialist,Male,Douane,2351,2023/06/20
64,Amalia O'Corr,Environmental Tech,Female,Los Angeles,4186,2023/08/30
65,Annemarie Ligerton,Teacher,Female,Hwasun,3565,2023/12/01
66,Alikee Dunbleton,Chemical Engineer,Female,Opol,9243,2023/01/24
67,Brett Beedell,Pharmacist,Male,North York,6298,2023/06/25
68,Marcie Wrankling,Professor,Female,Springfield,3266,2023/07/02
69,Malvin Bamell,Product Engineer,Male,San Francisco,9250,2023/10/09
70,Elijah Pagel,Product Engineer,Male,Dongbian,4991,2023/12/08
71,Else Plail,Research Associate,Female,Senovo,9690,2023/06/19
72,Hailey Lafflina,Cost Accountant,Male,Singgugu,4123,2023/03/09
73,Alyda Houchin,Administrative Officer,Female,Zhushan,1037,2023/01/18
74,Marlowe Graalman,Structural Engineer,Male,Chegang,8168,2023/06/09
75,Matthew Matitiaho,Teacher,Male,Baixo Guandu,2105,2023/12/25
76,Bridget Scanes,Research Nurse,Female,Bellavista,7420,2023/10/11
77,Jaquelin Goodall,Senior Sales Associate,Female,Täby,2495,2023/08/22
78,Damiano Lefeuvre,Accountant II,Male,Baoshan,9370,2023/12/21
79,Euphemia Lukesch,Account Coordinator,Female,Zhumadian,3245,2023/04/14
80,Clayborne McLeoid,Desktop Support Technician,Male,Akora,4623,2023/05/10
81,Towney Gamwell,Senior Sales Associate,Male,Sheshory,2621,2024/01/02
82,Jackie Baly,VP Marketing,Female,Nakambala,5655,2023/11/11
83,Letitia Peotz,Financial Analyst,Female,Pingshan,8397,2023/12/10
84,Benita Blakiston,Engineer I,Female,Periyiáli,6554,2023/06/15
85,Dana Weatherhill,Biostatistician IV,Male,Freetown,1299,2023/08/25
86,Ferd McNeil,Structural Analysis Engineer,Male,Chicheng,4983,2023/01/29
87,Gabby Hulls,Quality Engineer,Male,Huoshaoping,8519,2023/09/09
88,Fin McGahy,Environmental Specialist,Male,Detroit,4135,2023/01/07
89,Sibyl Yglesia,Analog Circuit Design manager,Female,Ljungskile,6674,2023/11/13
90,Willem Casoni,VP Quality Control,Male,San José,3376,2023/09/25
91,Kat Loakes,Biostatistician IV,Female,Podsineye,1659,2023/08/15
92,Sharron Jekyll,Web Developer III,Female,Desakolot,5435,2023/05/24
93,Denys Erbain,Account Executive,Female,Heiheba,1975,2023/05/28
94,Deana McElvine,Senior Financial Analyst,Female,San Lorenzo,9634,2023/09/29
95,Frasquito Hune,Marketing Assistant,Male,Banjar Dharmasemedi,6014,2023/07/07
96,Gavan Hinken,Software Consultant,Male,Oranjestad,1322,2023/09/30
97,Fredericka Bardwell,Sales Associate,Female,San Vicente,4825,2023/05/28
98,Celina McKinna,Executive Secretary,Female,Padabeunghar,1040,2023/03/17
99,Gery Irlam,Sales Representative,Male,Nangong,6193,2023/05/24
100,Leanna Goodspeed,Software Engineer I,Female,Minggang,4460,2023/11/19
101,Early McLennan,Statistician IV,Male,Nkove,8192,2023/08/10
102,Frankie Mitford,Environmental Tech,Female,Berlin,2689,2023/08/10
103,Christiane Denman,Account Representative III,Female,Hradec nad Moravici,8191,2023/01/15
104,Samantha Ridgers,Teacher,Female,Bambakashat,4792,2023/02/01
105,Shelley Cassar,Mechanical Systems Engineer,Female,Bordeaux,6836,2023/02/23
106,Richmond Goroni,Executive Secretary,Male,Saint-Denis,1295,2023/04/28
107,Maryl Blackburne,Staff Accountant III,Female,Bojano,3183,2023/10/09
108,Addia Cordrey,Desktop Support Technician,Female,Citampian,4873,2023/07/26
109,Constantina Duddell,Registered Nurse,Female,Sigay,7922,2023/09/01
110,Townsend Kiss,Budget/Accounting Analyst I,Male,Sumbersih,9412,2023/03/15
111,Kassie Vesco,Food Chemist,Female,Náfplio,6492,2023/10/16
112,Rosene Budge,Developer I,Female,Changjiang,5043,2023/04/04
113,Raphael Le-Good,Recruiting Manager,Male,Vostryakovo,1099,2023/07/08
114,Layne Clemencon,Business Systems Development Analyst,Female,San Jose,4214,2023/10/26
115,Zia Scutt,Chief Design Engineer,Female,Kašperské Hory,9085,2023/04/28
116,Yanaton Rodrigo,Marketing Assistant,Male,Oslo,6700,2023/09/29
117,Jessica Seger,Dental Hygienist,Female,Examília,7886,2023/01/19
118,Allin Early,Senior Sales Associate,Male,Atami,4601,2023/09/04
119,Yanaton Kubat,Analyst Programmer,Male,Manikchari,5765,2023/07/17
120,Lucienne Freda,Systems Administrator III,Female,Zhongxinqiao,2999,2023/06/02
121,Rutger Pawnsford,Community Outreach Specialist,Male,Sutton,5810,2023/08/04
122,Sibyl Shenton,Clinical Specialist,Male,Herne,6142,2023/04/01
123,Hally MacCleod,Legal Assistant,Female,Caohezhang,3904,2023/07/31
124,Ailina Correa,Data Coordinator,Female,Granja,6149,2023/04/25
125,Row Helstrom,Structural Engineer,Female,Chuanxi,1200,2023/06/25
126,Madelin Raden,Help Desk Technician,Female,Songwon,5942,2024/01/01
127,Gregoor Adlington,Safety Technician I,Male,Ampara,5647,2023/03/07
128,Nessie Crocetto,GIS Technical Architect,Female,Philipsburg,2090,2023/06/08
129,Pascale Stickens,Tax Accountant,Male,Poço Verde,1797,2023/12/25
130,Beulah Fensome,Junior Executive,Female,Hane,2433,2023/02/02
131,Benn Blow,Senior Editor,Male,Mondim de Basto,8809,2023/01/30
132,Faustina Craddy,Accountant I,Female,Callanca,4665,2023/07/09
133,Randolph Duckerin,Automation Specialist III,Male,Mudanjiang,4982,2023/07/21
134,Savina Asling,Human Resources Assistant I,Female,Sarrebourg,9028,2023/08/30
135,Ricki Bjorkan,Quality Control Specialist,Male,Saint Joseph,9103,2023/04/14
136,Leicester Ingliby,VP Product Management,Male,Curahpacul Satu,3894,2023/11/20
137,Judie Hairon,Environmental Specialist,Female,Bi’r al Ḩufayy,7763,2023/02/08
138,Bianca Cosser,Research Associate,Female,Staten Island,5194,2023/01/31
139,Muffin Filippov,Electrical Engineer,Male,Cap-Santé,7633,2023/01/05
140,Erasmus Towsie,Research Associate,Male,Gongchang Zhen,9420,2023/10/03
141,Nichole Saunper,Computer Systems Analyst I,Female,Teresina,7935,2023/11/16
142,Cassandre Mountain,Compensation Analyst,Female,Aiguo,7803,2023/10/21
143,Skip Nyles,Assistant Manager,Male,Hetou,6129,2023/08/07
144,Bill Beckers,Project Manager,Male,Phra Phutthabat,1934,2023/09/14
145,Martino Dumbelton,Computer Systems Analyst I,Male,Daohe,7378,2023/11/12
146,Thor Edginton,Account Executive,Male,Albania,8330,2023/05/07
147,Saraann Ayerst,Director of Sales,Female,Melissochóri,6438,2023/11/17
148,Claude Jorgesen,Research Nurse,Female,Banbalah,1351,2023/11/11
149,Anica Abramino,Financial Analyst,Female,Emin,3092,2023/01/24
150,Sibyl Cowan,Software Engineer I,Male,Zhonghuopu,8576,2023/04/05
151,Ealasaid Constantine,Financial Analyst,Female,Cartago,3679,2023/11/29
152,Donaugh Roselli,Marketing Assistant,Male,Terra Chã,8134,2023/04/23
153,Millisent Pringley,Payment Adjustment Coordinator,Female,Santa María de Ipire,7679,2023/03/22
154,Barnabe Hune,Director of Sales,Male,Cibeureum,1517,2023/05/03
155,Shina Merry,Accounting Assistant IV,Female,Ribeiro,2901,2023/09/04
156,Ninetta Irwin,Senior Sales Associate,Female,Odiong,4223,2023/10/17
157,Abdul Alejandri,Senior Sales Associate,Male,Mosetse,3562,2023/06/06
158,Andy Casin,Recruiter,Male,San José de Mayo,9898,2023/12/25
159,Eustacia Isaaksohn,Engineer III,Female,Port Erin,7007,2023/05/21
160,Katrine Hadley,Database Administrator I,Female,Lena,7691,2023/09/06
161,Celestyn Summerell,Junior Executive,Female,La Cruz,3685,2023/09/21
162,Hillary Agdahl,Director of Sales,Female,Jiazhi,5237,2023/02/06
163,Brien Reeman,Software Test Engineer IV,Male,Palmira,7526,2023/09/02
164,Kahaleel Burfoot,Help Desk Technician,Male,Cambebba,4112,2023/04/27
165,Loria Sandcraft,Senior Sales Associate,Female,Xiayang,1276,2023/02/06
166,Saxon Hollebon,Director of Sales,Male,Immātīn,5710,2023/03/12
167,Richardo Abthorpe,Actuary,Male,Pochep,7144,2023/01/10
168,Jonell Kropach,Operator,Female,Saint-Jean-de-Braye,5270,2023/03/12
169,Cosimo Orro,Recruiting Manager,Male,Rizal,6632,2023/07/17
170,Hartwell De Simoni,Research Nurse,Male,Beishidian,9499,2023/03/01
171,Kahlil Alcido,Project Manager,Male,Zhong’an,4056,2023/11/23
172,Alfonse Fippe,Engineer I,Male,Mukun,4184,2023/06/07
173,Alair Bavidge,Financial Analyst,Male,Sharan,3242,2023/10/14
174,Marianne Kesley,Desktop Support Technician,Female,Businga,2053,2023/11/12
175,Grete Courson,Librarian,Female,Arraial do Cabo,8443,2023/09/28
176,Lanae Bunyan,Account Representative IV,Female,Thị Trấn Tủa Chùa,5689,2023/08/06
177,Prent McLernon,Software Engineer II,Male,Bābolsar,3536,2023/12/11
178,Bari Bagge,Geological Engineer,Female,Yongping,4215,2023/08/15
179,Marven McReidy,Human Resources Manager,Male,Horta,8565,2023/12/12
180,Leonardo Spafford,VP Sales,Male,Jingguan,1189,2023/08/07
181,Trevor Carpenter,Structural Analysis Engineer,Male,Taoyuan,8523,2023/03/06
182,Davon Abercromby,Associate Professor,Male,Norrköping,8719,2023/08/02
183,Vinson O'Noulane,Speech Pathologist,Male,Tierp,5494,2023/08/14
184,Gwenny Imesson,Media Manager I,Female,Krajan Satu,1227,2023/04/29
185,Annie Ellerker,Help Desk Technician,Female,Banturkrajan,2960,2023/12/10
186,Patrice Buckeridge,Geologist IV,Male,Lyon,3308,2023/02/26
187,Oswell Cattermull,Information Systems Manager,Male,Wuxiang,4390,2023/02/11
188,Saxe Forman,Senior Financial Analyst,Male,Maloyaroslavets,6166,2023/11/03
189,Tailor Taffrey,Marketing Assistant,Male,Yuzhai,1996,2023/09/07
190,Thea Gregor,Paralegal,Female,Novhorod-Sivers’kyy,3741,2023/10/18
191,Orbadiah Beckitt,Automation Specialist III,Male,Dayr Dibwān,4500,2023/08/21
192,Staford Banham,Cost Accountant,Male,Śliwice,4928,2024/01/03
193,Aristotle Bagshawe,Actuary,Male,Horgo,6175,2023/09/21
194,Guilbert Rozenbaum,Desktop Support Technician,Male,Mesa,6951,2023/02/01
195,Olia Fitzroy,Data Coordinator,Female,Racine,2970,2023/01/20
196,Zelig Jinkin,Dental Hygienist,Male,Głuchów,8019,2023/01/17
197,Sybila Rosenblum,Environmental Tech,Female,Shigony,7993,2023/05/02
198,Engelbert Cosby,Social Worker,Male,Santa Marcela,4469,2023/08/22
199,Hall Daybell,Senior Developer,Male,Rio do Sul,8782,2023/02/02
200,Rosaline Shoemark,Physical Therapy Assistant,Female,Novogurovskiy,6201,2023/01/27
201,Minnaminnie Folini,VP Product Management,Female,Haymā’,4113,2023/09/07
202,Vergil Berriman,Desktop Support Technician,Male,Las Flores,4357,2023/04/20
203,Fawnia Stammler,Social Worker,Female,Qo’ng’irot Shahri,5120,2023/12/31
204,Terrence Kahen,Nuclear Power Engineer,Male,Kokologo,9041,2023/12/29
205,Kerstin Mewe,Tax Accountant,Female,Vilkija,1460,2023/08/12
206,Bevin Crothers,Database Administrator III,Male,Bereeda,2824,2023/12/07
207,Cornela Manoelli,Product Engineer,Female,Syamzha,2953,2023/12/01
208,Larine Bamforth,Librarian,Female,Dagang,1082,2023/09/03
209,Avrit Izat,Community Outreach Specialist,Female,Juancheng,2369,2023/05/29
210,Allyn Buzza,Nurse Practicioner,Female,Malaga,4264,2023/09/02
211,Evangeline Menlove,Sales Associate,Female,Vegachí,5787,2023/05/26
212,Shirley Stanwix,Registered Nurse,Female,Pustá Polom,6295,2023/06/17
213,Almeda Teresa,Geological Engineer,Female,Independence,7433,2023/02/06
214,Jayme Demoge,Accounting Assistant IV,Female,Buffalo,1865,2023/05/05
215,Candra Veal,Junior Executive,Female,Gominhães,6826,2023/05/23
216,Levey Da Costa,Electrical Engineer,Male,Ngala,5290,2023/07/10
217,Perice Sherwin,Occupational Therapist,Male,Hamonggolele,6771,2023/07/03
218,Sheppard Mariaud,Assistant Professor,Male,Cadiz,9407,2023/05/10
219,Carline Losseljong,Analog Circuit Design manager,Female,Traiguén,4548,2023/11/28
220,Gerri Van De Cappelle,Nurse,Male,San Francisco,2734,2023/11/26
221,Lee Colchett,Research Associate,Female,Youkounkoun,4553,2023/12/24
222,Julee Slimme,Research Nurse,Female,Yueyang,2938,2023/05/02
223,Tera Overland,Nuclear Power Engineer,Female,Nglorogan,1466,2023/04/07
224,Donovan Wear,Clinical Specialist,Male,Siyang,4320,2023/01/18
225,Libbey Gentery,Financial Advisor,Female,Pedroso,5244,2024/01/01
226,Clerkclaude Backshaw,Accounting Assistant I,Male,Phrae,3530,2023/12/23
227,Orelie Allgood,Nurse Practicioner,Female,Tinghir,2728,2023/03/08
228,Hamilton Maffin,Accounting Assistant I,Male,Bảo Lộc,8605,2023/07/08
229,Charlotta Pollok,Administrative Assistant IV,Female,Tanūmah,4172,2023/08/20
230,Ethe Coot,Programmer IV,Male,Cláudio,5404,2023/08/25
231,Chrissie Langdon,Staff Accountant II,Male,Oepuah,2232,2023/04/09
232,Haskell Wilgar,Data Coordinator,Male,Shimen,3016,2023/05/24
233,Annamaria Vasechkin,Occupational Therapist,Female,Nabari,6168,2023/03/01
234,Arne Moff,Librarian,Male,Jasper Park Lodge,7819,2023/12/01
235,Sallyanne Dargavel,Social Worker,Female,Lhokkruet,6897,2023/04/15
236,Karol Fetherston,Actuary,Female,Calizo,2356,2023/10/12
237,Chandal Apfler,VP Product Management,Female,Simapu,6237,2023/07/23
238,Hyacinthia Shine,Food Chemist,Female,San Kamphaeng,7482,2023/06/27
239,Huntington Verry,Speech Pathologist,Male,Vittoriosa,4594,2023/05/14
240,Nonna Madner,Chemical Engineer,Female,Lagoa,9029,2023/12/30
241,Nathanael Ide,Design Engineer,Male,Bamusso,7461,2023/06/10
242,Sindee Werndly,Database Administrator IV,Female,Kėdainiai,9339,2023/08/01
243,Jere Bossingham,Administrative Assistant III,Male,Wongsorejo,8395,2023/10/01
244,Raphael Holburn,Analog Circuit Design manager,Male,Sedandang,8148,2023/04/15
245,Penrod Sperski,Budget/Accounting Analyst II,Male,Beihe,4655,2023/08/29
246,Jamey Ashbey,Project Manager,Male,Krajan Winong,8849,2023/07/19
247,Jenelle Milthorpe,Desktop Support Technician,Female,Roxas,5556,2023/09/03
248,Cody Saunton,Actuary,Male,Valence,4262,2023/11/22
249,Jackson Wallworke,Structural Analysis Engineer,Male,Daxin,1082,2023/08/08
250,Blaine Huskisson,Developer II,Male,Gingsir,4786,2023/01/09
251,Husain Ebbins,Clinical Specialist,Male,Qeshm,9715,2023/03/14
252,Gibb Elliman,Account Executive,Male,La Concordia,4862,2023/06/06
253,Cullen Humpage,Software Test Engineer III,Male,Nove-Misto,8998,2023/06/09
254,Maddalena Yockley,Media Manager III,Female,Ängelholm,2482,2023/04/16
255,Penrod Tarbox,Nurse Practicioner,Male,Sangat,4832,2023/04/28
256,Anthiathia Shevlan,Accounting Assistant IV,Female,Jianxin,4051,2023/02/15
257,Odelia Wittey,Senior Editor,Female,Dingjiayao,4107,2023/11/09
258,Vassili Loosley,Senior Financial Analyst,Male,Chavárion,8387,2023/03/25
259,Gregoor Sange,Account Coordinator,Male,Satinka,2074,2023/02/18
260,Antonia Footitt,Information Systems Manager,Female,Petropavlivka,7752,2023/03/06
261,Stephannie Tellenbach,Chief Design Engineer,Female,Granard,1452,2023/05/17
262,Averil Prigmore,Chief Design Engineer,Female,Anshan,3692,2023/02/16
263,Krissy Lethbrig,Junior Executive,Female,Querobamba,6349,2023/02/19
264,Casi Voase,Media Manager I,Female,Miřetice,2086,2023/12/12
265,Justin Valentelli,Registered Nurse,Male,Svetlyy Yar,7131,2023/01/20
266,Guglielma Aldiss,Senior Developer,Female,Melaka,2388,2023/11/28
267,Marcelle Isgate,Senior Quality Engineer,Female,Wengaingo,3047,2023/03/19
268,Mayer Start,Tax Accountant,Male,Lanhas,5692,2023/07/18
269,Shell Coverley,Computer Systems Analyst IV,Male,Guanshan,1154,2023/02/14
270,Ingrim Arkwright,Information Systems Manager,Male,Mazatenango,2419,2023/04/05
271,Michelle Downing,Director of Sales,Female,Colorado Springs,4940,2023/06/10
272,Neel Longland,VP Quality Control,Male,Yangchun,2744,2023/11/04
273,Daren Karleman,Community Outreach Specialist,Male,Culianin,5049,2023/03/05
274,Slade Vevers,Information Systems Manager,Male,Stříbro,5516,2023/06/15
275,Kimberlee Hundal,Assistant Media Planner,Female,Karangdawa Barat,9328,2023/02/24
276,Lindie Struther,Professor,Female,Sanli,9235,2023/10/26
277,Julissa Swires,Legal Assistant,Female,Ngangpo,8592,2023/12/07
278,Lynsey Birdsey,Professor,Female,Guozhen,1758,2023/05/03
279,Alexandrina Bavridge,Nuclear Power Engineer,Female,Ibotirama,4723,2023/02/04
280,Datha Bunney,Recruiter,Female,Thị Trấn Bắc Hà,8498,2023/05/01
281,Abbie Leveritt,Dental Hygienist,Male,Asen,6976,2023/02/24
282,Manda Redhouse,GIS Technical Architect,Female,Santo Tomas,2769,2023/11/08
283,Derrek Greenhill,Structural Engineer,Male,New York City,9998,2023/09/24
284,Bone Beirne,Assistant Manager,Male,Watergrasshill,6967,2023/04/04
285,Salomone Phythien,VP Quality Control,Male,Leksand,7592,2023/09/06
286,Vanessa Rubega,Speech Pathologist,Female,Palmas,8704,2023/11/10
287,Rachael Maddams,VP Marketing,Female,Wierzchucino,4179,2023/02/23
288,Catarina Whitehouse,Quality Control Specialist,Female,Santa Rosa,8476,2023/11/21
289,Gianina Nucci,Senior Cost Accountant,Female,Donghai,2155,2023/07/29
290,Hazel Vinecombe,Accountant III,Male,Castlebridge,6246,2023/06/10
291,Chloette Bartolomeo,Internal Auditor,Female,Eldoret,1544,2023/06/03
292,Deirdre Guiness,Mechanical Systems Engineer,Female,Xinfeng,2795,2023/05/11
293,Glyn Pendlebery,Sales Associate,Male,Bang Pa-in,6878,2023/02/02
294,Kial Verrell,Accounting Assistant IV,Female,Mashizhai,8204,2023/08/24
295,Caspar Oliveto,Electrical Engineer,Male,Muarabuliti,2527,2023/06/17
296,Lewes Sherwill,Computer Systems Analyst IV,Male,Pinggang,9130,2023/04/03
297,Felike Diamond,Operator,Male,Dawuhan,7702,2023/04/21
298,Brenn Greengrass,Librarian,Female,Mỹ Thọ,8539,2023/12/04
299,Keen Knoton,Financial Advisor,Male,Santarém,7661,2023/07/16
300,Garold Ivanin,Environmental Specialist,Male,Nīkêh,7712,2023/08/17
301,Angie Grelak,Account Coordinator,Female,Piedecuesta,5685,2023/11/22
302,Bordy Tschiersch,General Manager,Male,Chonchi,9893,2023/04/11
303,Barnebas Belfrage,Electrical Engineer,Male,San Manuel Chaparrón,6407,2023/06/04
304,Michale Tourner,Quality Engineer,Male,Sokolovyy,7290,2023/02/25
305,Nona Fludder,Civil Engineer,Female,Lāchi,7108,2023/07/20
306,Cathyleen Forster,Assistant Professor,Female,Lacombe,1115,2023/08/09
307,Rice MacGuffie,VP Marketing,Male,Dongpu,9721,2023/05/01
308,Elwyn Witherden,Technical Writer,Male,Wanlongshan,9869,2023/10/26
309,Rochella Tax,Marketing Assistant,Female,Tselinnoye,8065,2023/08/09
310,Daisi O'Lynn,Senior Developer,Female,Abbottābād,8191,2023/07/07
311,Emmeline Broun,Software Consultant,Female,Wingham,2228,2023/12/12
312,Anny Karim,Food Chemist,Female,Arinos,6168,2024/01/03
313,Land Thew,Staff Accountant I,Male,Senta,9645,2023/06/05
314,Samaria Perrelle,Environmental Tech,Female,Massakory,7388,2023/01/27
315,Maryanne Doughill,Recruiter,Female,Ronda,8238,2023/06/09
316,Violetta Ornillos,Technical Writer,Female,Póvoa,7951,2023/04/14
317,Aloysia Quinevan,Accounting Assistant II,Female,Kamaris,6552,2023/04/09
318,Herc Squirrell,Financial Analyst,Male,Binzhou,8416,2023/05/05
319,Dexter Elderidge,Actuary,Male,Canindé,7205,2023/11/07
320,Sindee Musselwhite,Help Desk Operator,Female,Yongledian,6599,2023/01/31
321,Brena Crawshaw,Accountant I,Female,Kemlya,1152,2023/03/10
322,Thurston O'Suaird,Geologist I,Male,Sanguanzhai,6959,2023/02/17
323,Albrecht Dinsell,Speech Pathologist,Male,Kota Bharu,1877,2023/04/05
324,Baxie Pordall,Director of Sales,Male,Ostrzeszów,5633,2023/11/26
325,Andreana Newis,Account Executive,Female,Wuppertal,9362,2023/07/10
326,Ramon Black,VP Quality Control,Male,Parabon,6772,2023/05/10
327,Tibold Crauford,Staff Accountant I,Male,Pardelhas,5799,2023/01/19
328,Franzen Brettelle,Research Nurse,Male,Empório,9189,2023/10/07
329,Raye Hargraves,Safety Technician IV,Female,Pacasmayo,2371,2023/01/17
330,Otho Sirkett,Assistant Manager,Male,Cigaras,7933,2023/05/24
331,Jereme Bolden,Geologist III,Male,Erie,4549,2023/04/14
332,Kennedy McCready,Editor,Male,Dallas,5027,2023/08/13
333,Marice Colgan,Senior Sales Associate,Female,Sentani,9634,2023/02/14
334,Clemens Houchin,Software Engineer IV,Male,Bonik,5523,2023/07/31
335,Ario Mindenhall,Software Consultant,Male,Krasnyye Chetai,5587,2023/10/16
336,Chanda Fowden,Associate Professor,Female,Aglipay,8940,2023/06/24
337,Roberto Boays,Operator,Male,Caballococha,4399,2023/07/08
338,Lemuel Tuffield,Engineer IV,Male,Ōtake,8594,2023/04/05
339,Hurley Morot,Sales Associate,Male,Iñapari,4262,2023/08/06
340,Natalie Trevain,Junior Executive,Female,Andkhōy,4560,2023/02/08
341,Rosie Lyfield,Sales Representative,Female,Dijon,4821,2023/04/17
342,Caterina Cota,Business Systems Development Analyst,Female,Străşeni,8723,2023/03/13
343,Eugene Cristoferi,Administrative Officer,Male,Zabłocie,1112,2023/08/04
344,Marketa Hursey,Senior Sales Associate,Female,Zhangdian,8598,2023/07/03
345,Selia Chilles,Administrative Officer,Female,Nzeto,9938,2023/09/03
346,Rhiamon Clementi,Librarian,Female,Biliri,8100,2023/11/11
347,Wilone Gantzman,VP Quality Control,Female,Zerok-Alakadari,4085,2023/09/25
348,Rustie Biaggiotti,Help Desk Technician,Male,Suwałki,8112,2023/11/26
349,Quill Barling,Paralegal,Male,Jiaoqiao,8426,2023/05/02
350,Mikaela Bonwell,Financial Advisor,Female,Štítina,6990,2023/12/15
351,Rosie Dietz,Accounting Assistant I,Female,Ginowan,8594,2023/10/16
352,Jabez Pillans,Structural Engineer,Male,Kosamphi Nakhon,2792,2023/06/16
353,Barnett Geharke,Electrical Engineer,Male,Enköping,8484,2023/04/08
354,Humfrey Gabotti,Geologist II,Male,Viangxai,3382,2023/05/27
355,Boote Mattke,Marketing Manager,Male,Cikondang,6926,2023/02/21
356,Terri-jo Potes,Legal Assistant,Female,Cabra Figa,4365,2023/05/19
357,Simon Sibbit,Desktop Support Technician,Male,Uzgen,4869,2023/05/02
358,Penny Kinder,Engineer I,Male,Muli,2466,2023/01/13
359,Perceval Payfoot,VP Quality Control,Male,Bafang,6149,2023/02/11
360,Roxi Eldered,Financial Analyst,Female,Portmore,7299,2023/08/23
361,Robby Abbate,Budget/Accounting Analyst I,Female,Caxito,4977,2024/01/01
362,Chucho Kesper,Assistant Media Planner,Male,Tulusmulyo,9171,2023/09/13
363,Natasha Laskey,Operator,Female,Tynne,9813,2023/12/31
364,Kile Kuhnert,Social Worker,Male,Kool Tengah,6566,2023/06/23
365,Sybyl Aindriu,Operator,Female,Brvenica,1770,2023/11/17
366,Madelena Riggeard,Nuclear Power Engineer,Female,Youhao,1762,2023/01/15
367,Berry Ashby,Senior Sales Associate,Female,Zili,9337,2023/10/08
368,Owen Legerton,Internal Auditor,Male,Pangkalan,9309,2023/11/17
369,Valentin Lismore,Engineer II,Male,Wentang,3683,2023/08/11
370,Catherina Scaysbrook,Senior Sales Associate,Female,Bentar,9198,2023/08/14
371,Glad Pothbury,Budget/Accounting Analyst I,Female,Pak Phli,3659,2023/11/04
372,Car Verrick,Senior Financial Analyst,Male,Sterlitamak,8660,2023/05/29
373,Ronni McCully,Director of Sales,Female,Fangjun,4915,2023/06/10
374,Gualterio Gladden,Accounting Assistant I,Male,Polanka Wielka,7704,2023/12/20
375,La verne Kunc,Staff Accountant I,Female,Algarrobo,3313,2023/10/23
376,Amalia Filippov,Civil Engineer,Female,Punkaharju,4280,2023/02/24
377,Godwin Searchwell,Electrical Engineer,Male,Jingkou,6901,2023/01/14
378,Annelise Mangeney,Senior Financial Analyst,Female,Shiozawa,6540,2023/03/14
379,Karl Gwatkin,Nuclear Power Engineer,Male,Kavadarci,8756,2023/11/05
380,Carrie Cokayne,Associate Professor,Female,Zhenlai,1956,2023/11/03
381,Matthiew Naul,Executive Secretary,Male,El Limon,9358,2023/05/23
382,Lilah Saben,Biostatistician I,Female,Llusco,8144,2023/01/24
383,Jens Groves,Data Coordinator,Male,Ropice,2625,2023/07/16
384,Seana St. Hill,Human Resources Assistant IV,Female,Salvacion,1551,2023/11/08
385,Kenon Currall,Structural Analysis Engineer,Male,Kedungdoro,4061,2023/06/19
386,Obie Dumbarton,Web Designer I,Male,Capela,8386,2023/10/08
387,Elvis Kauffman,VP Accounting,Male,Wailolung,5135,2023/01/13
388,Freddie Sleaford,Computer Systems Analyst I,Male,Outjo,1005,2023/04/17
389,Babita Tricker,Media Manager III,Female,Pueblo Viejo,4817,2023/08/30
390,Susan Tuft,Database Administrator IV,Female,Tagta,1955,2023/01/13
391,Teresina Follan,Help Desk Technician,Female,Tsyelyakhany,4375,2023/06/14
392,Alejoa Jefferd,Administrative Assistant IV,Male,Saint-Jean-de-Braye,6332,2023/03/25
393,Sonnie Theuss,Computer Systems Analyst IV,Male,Capivari,4388,2023/12/03
394,Quillan Sevier,Sales Representative,Male,Caramuca,1688,2023/01/14
395,Valery Hayth,Director of Sales,Female,Puerto Deseado,8852,2023/01/11
396,Moria Sunnucks,Automation Specialist III,Female,Bitanjuan,3548,2023/03/20
397,Freida Szach,Systems Administrator I,Female,Fuquan,9623,2023/09/27
398,Warden Morphey,Senior Cost Accountant,Male,Buôn Trấp,4357,2023/11/28
399,Kendal Rawles,Operator,Male,Atyrá,1400,2023/03/30
400,Freddy Tanslie,Project Manager,Female,Penha,2153,2023/08/05
401,Deana Lamblin,Social Worker,Female,Ccuntuma,6289,2023/07/29
402,Aylmar Chamberlayne,Information Systems Manager,Male,Muye,1075,2023/06/26
403,Budd Dishmon,Speech Pathologist,Male,Pljevlja,3257,2023/10/13
404,Scot Bullimore,Operator,Male,Panghadangan,6030,2023/10/22
405,Connor Whitesel,Web Developer I,Male,Gresik,5245,2023/02/08
406,Yasmeen Fortye,Nurse,Female,Gala,1397,2023/10/29
407,Moyra Stennard,Speech Pathologist,Female,San Juan,6717,2023/04/12
408,Kincaid Zarfai,VP Accounting,Male,Löddeköpinge,1186,2023/09/21
409,Rafaello Smart,Database Administrator III,Male,Lokot’,3172,2023/10/23
410,Dunstan Tyne,Legal Assistant,Male,Leribe,5780,2023/06/17
411,Eberto Swine,Paralegal,Male,Hokor,5887,2023/03/09
412,Giusto Dooman,Structural Engineer,Male,Adelaide Mail Centre,8765,2023/02/15
413,Stefa Margeram,Assistant Media Planner,Female,Anchau,5659,2023/08/05
414,Charil Smaridge,Tax Accountant,Female,Mlowo,6912,2023/03/16
415,Nadean O'Keeffe,Physical Therapy Assistant,Female,Voskresenskoye,6711,2023/05/06
416,Goddard Guage,General Manager,Male,Aqqan,7602,2023/03/09
417,Emile Dreamer,Office Assistant IV,Male,Melfort,7716,2023/12/29
418,Mercie De Caville,Staff Accountant I,Female,Sepanjang,6325,2023/01/16
419,Babbie Fagge,Senior Cost Accountant,Female,Mishixiang,4000,2023/05/15
420,Shelton Brocket,Food Chemist,Male,Stockholm,8867,2023/09/04
421,Hanson Darrow,Teacher,Male,Zuitou,5780,2023/09/02
422,Lisbeth Speak,Biostatistician IV,Female,Juršinci,5525,2023/02/09
423,Boot Featherbie,Pharmacist,Male,Ho,5422,2023/03/20
424,Jarrad Shine,Social Worker,Male,Lungmar,9629,2023/12/29
425,Celia Kaser,Senior Cost Accountant,Female,Beauvais,3434,2023/09/24
426,Inger Baitman,Sales Representative,Male,Duncan Town,6861,2023/07/02
427,Westleigh Lewsam,Librarian,Male,Thị Trấn Yên Thế,7204,2023/07/24
428,Annora Collingwood,Marketing Assistant,Female,Primorsk,2068,2023/02/22
429,Phip Sparkwell,Recruiter,Male,Sarrebourg,2506,2023/05/20
430,Cathrine Deal,Nurse,Female,Sheksna,9017,2023/05/23
431,Filip Fawcitt,VP Quality Control,Male,Camacha,2472,2023/08/13
432,Hedi Restorick,Staff Accountant IV,Female,Sleman,2626,2023/10/12
433,Virgie Coutts,Electrical Engineer,Female,Wotho,4998,2023/08/28
434,Loralyn Piborn,Editor,Female,Klapagading,5726,2023/03/01
435,Daniela Jennens,Recruiting Manager,Female,Leones,1511,2023/12/15
436,Abner Garnall,Speech Pathologist,Male,Vila Nova,3080,2023/03/01
437,Fancy Dahl,Accounting Assistant IV,Female,Comandante Fontana,9643,2023/01/08
438,Blanch Fowkes,Operator,Female,Нераште,5803,2023/12/18
439,Cirillo Gherarducci,Editor,Male,Pécs,6441,2023/08/21
440,Waldo Marr,Administrative Officer,Male,Dzwola,8767,2023/10/26
441,Marylee Berthome,VP Quality Control,Female,Leninsk,4140,2023/06/01
442,Gerda Shilstone,Recruiting Manager,Female,Houjie,8913,2023/07/18
443,Kenton Helix,Electrical Engineer,Male,Żurowa,5789,2023/10/28
444,Thea Grishin,VP Product Management,Female,Las Palmas,9848,2023/09/16
445,Eddy Saipy,VP Product Management,Male,Carmen,9592,2023/01/21
446,Sutherlan Dornin,Civil Engineer,Male,Kakata,9411,2023/10/05
447,Spence Currington,Clinical Specialist,Male,Orita Eruwa,4069,2023/11/05
448,Jada Veld,Budget/Accounting Analyst I,Female,Qijiang,1088,2023/10/03
449,Artie Rees,Information Systems Manager,Male,Marintoc,1992,2023/08/03
450,Sheff Marginson,VP Accounting,Male,Mrozy,2361,2023/08/16
451,Lilah Drought,Research Assistant II,Female,Cácota,5944,2023/09/14
452,Chelsie MacQuaker,Health Coach IV,Female,Guia,5148,2023/02/01
453,Cletus Lomasna,Safety Technician III,Male,Bakadagy,6325,2023/08/27
454,Orville Reddlesden,Assistant Media Planner,Male,Novyy Urengoy,4532,2023/10/23
455,Isacco Wilshin,Registered Nurse,Male,Ternopil’,2761,2023/05/16
456,Nickola Laslett,Programmer Analyst I,Male,Krasnotorka,4729,2023/07/16
457,Eamon Yakobowitz,Clinical Specialist,Male,Suizhong,8866,2023/05/25
458,Welby Heers,Nurse,Male,Rio Meão,2021,2023/04/12
459,Neddie Blurton,VP Product Management,Male,Alastaro,3930,2023/07/24
460,Leonora Carreck,Account Executive,Female,Eira Nova,4155,2023/09/14
461,Dan Calven,Web Developer III,Male,Inawashiro,5029,2023/11/08
462,Zolly Sitch,General Manager,Male,Bakhmach,6264,2023/03/05
463,Clarie Cartmer,Quality Engineer,Female,Airuk,7971,2023/11/26
464,Lanae Emmison,Assistant Manager,Female,Hehu,2703,2023/06/19
465,Margareta McLachlan,Nuclear Power Engineer,Female,Žiežmariai,5947,2023/10/24
466,Merry Smithen,Marketing Assistant,Female,Mallawī,1668,2023/11/16
467,Paloma Sara,Software Test Engineer I,Female,Quintães,3319,2023/05/17
468,Katuscha Tyght,Sales Associate,Female,Muararupit,6103,2023/06/10
469,Aristotle Craddy,Geological Engineer,Male,Zhongxin,3054,2023/02/16
470,Jeni Fishleigh,Occupational Therapist,Female,Caledon,7408,2023/08/28
471,Joleen Plait,Staff Scientist,Female,Fálanna,4901,2023/05/05
472,Torrie Cleverly,Product Engineer,Female,Tārūt,8137,2023/02/21
473,Callie Vorley,Electrical Engineer,Female,Jeziorzany,6246,2023/08/09
474,Berton Goodluck,Help Desk Technician,Male,Tepal,8556,2023/10/25
475,Meagan Wilbraham,Human Resources Manager,Female,Carolina,9193,2023/09/25
476,Devy Haysom,Librarian,Male,Bendo,8955,2023/07/20
477,Kaja MacCaffery,Electrical Engineer,Female,Guanlu,3156,2023/08/17
478,Sancho Drillot,Project Manager,Male,Yeysk,9505,2023/05/21
479,Lek MacGillivrie,Engineer III,Male,Hassi Berkane,6021,2023/09/03
480,Rosene Vallender,Computer Systems Analyst IV,Female,Ostrów Mazowiecka,9593,2023/09/15
481,Elia Dabernott,Chief Design Engineer,Male,Alakak,1779,2023/06/05
482,Demetre Fallows,Software Engineer I,Male,El Puerto,7532,2023/10/14
483,Gracie Windham,Software Consultant,Female,Slavyanovo,8412,2023/12/11
484,Taylor Sarginson,Nuclear Power Engineer,Male,Ballivor,1603,2023/12/29
485,Hedwig Colerick,Analog Circuit Design manager,Female,Anta,4952,2023/02/09
486,Derward Batram,Electrical Engineer,Male,Barbacena,2192,2023/03/23
487,Phip Huddleston,Research Assistant I,Male,Liboro,7228,2023/09/30
488,Dugald Dimmack,Human Resources Assistant II,Male,Xiaogang,5735,2023/10/22
489,Anita Ransome,Programmer II,Female,Paulínia,1239,2023/05/14
490,Patrizius Henriquet,Tax Accountant,Male,Dashtobod,4844,2023/05/21
491,Olenka Garatty,Tax Accountant,Female,Gorna Oryakhovitsa,6747,2023/04/08
492,Broderic O'Dee,Senior Developer,Male,Badajoz,5289,2023/07/20
493,Stacee Cassels,Senior Editor,Female,Pylaía,5325,2023/12/14
494,Wenona Mougeot,Registered Nurse,Female,Rantaupanjangkiri,8405,2023/05/23
495,Belia McQuin,Marketing Manager,Female,Ilangay,6032,2023/11/25
496,Merissa Pallin,Software Engineer II,Female,Pangu,2984,2023/04/21
497,Kirk Iglesias,Recruiting Manager,Male,El Real,3102,2023/02/06
498,Alanna McOnie,Administrative Officer,Female,Minuwangoda,8968,2023/06/17
499,Jameson Crebott,Community Outreach Specialist,Male,Gueltat Zemmour,2807,2023/10/16
500,Rorke Farquhar,Accountant IV,Male,Cola,7367,2023/04/25
501,Lucretia Wigin,Speech Pathologist,Female,Shiqiao,7719,2023/07/13
502,Suzanna Basford,Help Desk Technician,Female,Jiangkou,4635,2023/08/20
503,Libbey Kapelhof,Structural Analysis Engineer,Female,Täby,5247,2023/05/13
504,Shepperd Pfeffel,Human Resources Manager,Male,Calasgasan,3165,2023/01/28
505,Toby Cohen,Civil Engineer,Male,Brades,2995,2023/12/19
506,Abey Sorbey,Software Test Engineer II,Male,Delães,6472,2023/03/19
507,Britte Shiell,Assistant Media Planner,Female,Ramotswa,5552,2023/07/13
508,Mireielle Bursnoll,Graphic Designer,Female,Moganshan,8162,2023/03/29
509,Sutherlan Bamborough,Quality Engineer,Male,Gorgoram,4534,2023/05/31
510,Glenn Wasbrough,Assistant Manager,Male,Wādī al ‘Uyūn,1812,2023/07/25
511,Almeda Gaughan,Payment Adjustment Coordinator,Female,Borovikha,6816,2023/06/06
512,Lanni Sterndale,Community Outreach Specialist,Female,Rochester,8656,2023/05/27
513,Vivien Becke,Clinical Specialist,Female,Schœlcher,7057,2023/06/11
514,Koralle Philot,Web Designer III,Female,Bhamdoûn el Mhatta,5999,2023/02/18
515,Birgit Wetherald,Civil Engineer,Female,Dolores,2370,2023/05/31
516,Nils Siley,Analyst Programmer,Male,Kulia Village,5940,2023/11/30
517,Donavon Jaggi,Administrative Officer,Male,Lazarevskoye,5882,2023/09/28
518,Aviva Fawssett,Recruiter,Female,Sumalig,8361,2023/03/29
519,Husain Jorat,Analog Circuit Design manager,Male,Parista,8397,2023/02/23
520,Shelia Doodson,VP Product Management,Female,Bugcaon,7393,2023/04/07
521,Rollie Alessandone,Senior Cost Accountant,Male,Laguna de Perlas,5579,2023/04/28
522,Mellie Wilcockes,Chief Design Engineer,Female,Simo Satu,1167,2023/11/21
523,Gibby Grove,Marketing Assistant,Male,Volnovakha,2011,2023/01/28
524,Dieter Gammade,Executive Secretary,Male,Don Chedi,9476,2023/03/08
525,Ruthann Stockney,Computer Systems Analyst I,Female,Bertioga,5024,2023/08/04
526,Natty Bittlestone,Accountant III,Female,Fukui-shi,5798,2023/06/25
527,Ellis MacNeilly,Community Outreach Specialist,Male,Merke,8658,2023/10/12
528,Raf McAughtrie,Account Representative III,Female,Banjar Kertasari,7489,2023/04/02
529,Lizzy Leving,Assistant Manager,Female,Leme,4114,2023/06/14
530,Giraud Waterhous,Director of Sales,Male,Lajeosa,6850,2023/05/30
531,Turner Pyzer,Accounting Assistant I,Male,Deep River,3837,2023/12/11
532,Uri Fownes,GIS Technical Architect,Male,Malkā,2725,2023/01/29
533,Caroljean Cluderay,Automation Specialist II,Female,Sindang,1059,2023/02/07
534,Selig Walak,Web Developer I,Male,Otaniemi,7208,2023/04/03
535,Marijn Brazener,Web Developer IV,Male,Pajagan,9931,2023/11/22
536,Jenni Fenemore,Electrical Engineer,Female,Guanshan,5465,2023/04/08
537,Ulrick Flag,Physical Therapy Assistant,Male,Butou,9554,2023/09/03
538,Hewie Cranmer,Nurse,Male,Votuporanga,1454,2023/07/30
539,Damon Gherardi,Physical Therapy Assistant,Male,Cishan,6334,2023/04/27
540,Gisele Waby,Pharmacist,Female,Lianhe,3865,2023/11/08
541,Alain Voules,Financial Advisor,Male,Al Qurayshīyah,3748,2023/09/18
542,Leilah Colloff,Cost Accountant,Female,Nusaherang,2350,2023/07/17
543,Chickie Lowcock,Account Representative II,Female,Kalety,7172,2023/08/25
544,Malva Vasilyev,Civil Engineer,Female,Madara,3508,2023/07/03
545,Ransom Tancock,Programmer II,Male,Mar’’ina Horka,2557,2023/04/03
546,Darrelle Maasze,Dental Hygienist,Female,Shkurinskaya,6242,2024/01/01
547,Mort Oakenfull,Sales Associate,Male,Hưng Nguyên,1683,2023/07/25
548,Hayward Rourke,Analog Circuit Design manager,Male,Juupajoki,8419,2023/12/18
549,Vick Cartman,Recruiting Manager,Male,Kukurečani,8775,2023/02/16
550,Lewie Bowdler,Occupational Therapist,Male,Novobeysugskaya,9066,2023/05/20
551,Bev Jaulme,Cost Accountant,Male,Cleveland,7735,2023/05/15
552,Dona Galler,Assistant Media Planner,Female,Świlcza,5036,2023/07/28
553,Boone Liccardi,Environmental Specialist,Male,Aţ Ţafīlah,3752,2023/03/25
554,Denys Boocock,Marketing Manager,Male,Lidong,5866,2023/07/09
555,Judd Oley,Quality Engineer,Male,Mobile,9697,2023/06/10
556,Dede Spacie,Professor,Female,Satowebrang,9889,2023/05/07
557,Quill Denyakin,Registered Nurse,Male,Tilamuta,6379,2023/05/11
558,Marcy Tackes,Junior Executive,Female,South Tangerang,3285,2023/09/12
559,Byrle Muehle,Office Assistant II,Male,Gap,6912,2023/09/09
560,Hodge Gresty,Professor,Male,Guápiles,7643,2023/12/19
561,Prinz Roderick,VP Marketing,Male,Rio das Ostras,1218,2023/05/07
562,Merrily Swanston,Analyst Programmer,Female,Örebro,1681,2023/11/07
563,Barnett Gilhespy,Assistant Professor,Male,Chengxi,3335,2023/06/03
564,Burr Edgin,Research Associate,Male,Znamenskoye,7370,2023/08/07
565,Fairfax Van Eeden,Software Engineer II,Male,Welkom,5634,2023/04/30
566,Barbara-anne Armitt,Help Desk Operator,Female,Villa Hayes,7287,2023/08/17
567,Celene Foffano,Graphic Designer,Female,Hufang,1954,2023/08/23
568,Baudoin Gristwood,Design Engineer,Male,Mikró Monastíri,7419,2023/11/01
569,Anna-diana Hatcher,Senior Quality Engineer,Female,Vyshneye Dolgoye,9073,2023/03/20
570,Philip Grzes,Community Outreach Specialist,Male,Saint Joseph,5498,2023/06/26
571,Scottie Gallaccio,Biostatistician II,Male,Sanhui,7330,2023/09/19
572,Alberik Pecey,Senior Sales Associate,Male,Além,6260,2023/12/04
573,Nanice Flannery,Technical Writer,Female,Sausa,8033,2023/08/04
574,Emelia O'Hoolahan,Payment Adjustment Coordinator,Female,Krajan Rowokangkung,2061,2023/07/20
575,Francesca Fernyhough,Chief Design Engineer,Female,Ina,6123,2023/11/12
576,Simmonds Redan,Clinical Specialist,Male,Solomenskoye,3627,2023/06/17
577,Elset Lang,VP Accounting,Female,Fuxing,5576,2023/05/28
578,Michel Zanitti,Social Worker,Male,Várzea de Sintra,4078,2023/03/24
579,Pancho Ubsdall,Accounting Assistant III,Male,Taodian,7870,2023/08/12
580,Jacquetta Boow,Payment Adjustment Coordinator,Female,Huagai,1043,2023/01/09
581,Deana Cribbott,Design Engineer,Female,Sokol’skoye,8299,2023/04/12
582,Lebbie Fanton,Junior Executive,Female,Sterlitamak,8649,2023/12/05
583,Danielle Ortzen,Environmental Tech,Female,Ajuda,5549,2023/02/09
584,Jorge Benallack,Nurse Practicioner,Male,Bangkle,9615,2023/04/23
585,Tab Traher,Cost Accountant,Male,Kętrzyn,1297,2023/03/11
586,Cristiano Sabbins,Cost Accountant,Male,Muikamachi,3741,2023/01/07
587,Chelsy Mordey,Administrative Assistant IV,Female,Gelin,2377,2023/01/27
588,Benedict Baskwell,VP Sales,Male,Dębica,5434,2023/03/20
589,Leah Sterland,Software Engineer IV,Female,Lélouma,2922,2023/01/31
590,Leann Andreia,Senior Developer,Female,Ning’er,8162,2023/07/25
591,Mohandis Bowmaker,Senior Developer,Male,Shiguai,1322,2023/01/16
592,Lilllie Crampin,Developer III,Female,Cabitan,8045,2023/03/02
593,Clayborn Juszkiewicz,Health Coach III,Male,Al Khushnīyah,4339,2023/09/08
594,Ramonda Agronski,Executive Secretary,Female,La Concepción,4821,2023/12/11
595,Gibb Phillis,Health Coach I,Male,Kiltamagh,9534,2023/12/13
596,Bronnie Berk,Social Worker,Male,San Jerónimo,4194,2023/08/16
597,Langsdon Pepys,Accounting Assistant II,Male,Oliveira,4428,2023/11/23
598,Westbrooke Baterip,Teacher,Male,Melun,8416,2023/01/04
599,Kylie Epelett,Executive Secretary,Male,Bosilovo,9626,2023/06/20
600,Ted Skillman,Technical Writer,Male,Long Beach,5097,2023/01/20
601,Annabella Slee,Staff Accountant II,Female,Manzherok,5342,2024/01/03
602,Robinet Gallardo,Dental Hygienist,Male,Longfeng,5866,2023/09/26
603,Cathryn Hubbart,Dental Hygienist,Female,El Dividive,1237,2023/03/26
604,Wash Ronisch,Geological Engineer,Male,Krychaw,2942,2023/03/02
605,Hilliard Atmore,Teacher,Male,Fastovetskaya,9117,2023/11/21
606,Freda Greensitt,Financial Advisor,Female,Muaralabuh,8444,2023/12/24
607,Rinaldo Idenden,Accountant II,Male,Quezon,2909,2023/02/06
608,Joycelin Canti,Senior Quality Engineer,Female,España,5571,2023/09/27
609,Aristotle Fyfe,Nuclear Power Engineer,Male,Bronnitsy,5150,2023/08/05
610,Thaxter Loan,Financial Advisor,Male,Lębork,6362,2023/10/02
611,Parry McGragh,Editor,Male,Kabala,1498,2023/07/14
612,Gennifer Albasini,Systems Administrator II,Female,Ōbu,5437,2023/09/26
613,Courtnay Widmore,Administrative Assistant II,Male,Bunga Mas,2624,2023/10/13
614,Fabian Ripsher,Staff Accountant II,Male,Tsiombe,9330,2023/05/09
615,Conrade Giacaponi,Accountant I,Male,Krasica,4413,2023/04/25
616,Carmita Chinery,Professor,Female,Nezlobnaya,5755,2023/07/12
617,Seth Syplus,Quality Control Specialist,Male,Hepu,4867,2024/01/02
618,Marco Lynde,VP Product Management,Male,Skópelos,5200,2023/03/23
619,Eddi Jarville,VP Product Management,Female,Lekaj,7480,2023/07/05
620,Bobbette McCaffery,Speech Pathologist,Female,Paris 07,1885,2023/10/01
621,Marten Benko,Community Outreach Specialist,Male,Hecun,6056,2023/10/20
622,Jandy Benkhe,Occupational Therapist,Female,Leles,8446,2023/10/24
623,Talya Bleasdille,Software Consultant,Female,Pengandonan,7883,2023/07/20
624,Raymond Voce,Clinical Specialist,Male,Mingfeng,6739,2023/09/02
625,Farica Berth,Teacher,Female,Yonggu,7096,2023/09/23
626,Appolonia Forre,Graphic Designer,Female,Nantes,6012,2023/05/03
627,Morgana Babst,VP Quality Control,Female,Xiatuanpu,5821,2023/10/27
628,Auguste Salmons,Marketing Assistant,Female,Tujing,5698,2023/09/09
629,Stanford Gipson,Registered Nurse,Male,Harembo,8393,2023/04/27
630,Erick Moncrieffe,Programmer IV,Male,Jacutinga,4014,2023/08/21
631,Hyman Chamberlayne,Technical Writer,Male,Xingdian,6490,2023/08/15
632,Kimberly Leason,Accounting Assistant IV,Female,Dabaozi,8294,2023/01/28
633,Martin Peel,Research Nurse,Male,Shinjō,8932,2023/04/28
634,Becki Quartermaine,GIS Technical Architect,Female,Delaware,2885,2023/08/30
635,Nadya Bricklebank,Nurse,Female,Fengshan,1800,2023/09/02
636,Jessey Aylesbury,Director of Sales,Male,Matozinhos,5897,2023/03/08
637,Amory Thick,Marketing Manager,Male,Parnamirim,8339,2023/01/10
638,Goddart Jellicorse,Financial Advisor,Male,Dzel,1774,2023/01/26
639,Reade Keysall,Human Resources Manager,Male,Āsasa,3136,2023/06/27
640,Lisbeth Bogies,Automation Specialist I,Female,Fukura,3184,2023/03/02
641,Chas Gipp,Account Executive,Male,Satis,8006,2023/02/14
642,Candida Elderbrant,Help Desk Technician,Female,Dolní Dvořiště,4883,2023/05/30
643,Kristofor Jarrel,Web Designer III,Male,Vista Hermosa,3840,2023/08/08
644,Nicholle Swadling,Research Associate,Female,Fès,1467,2023/02/12
645,Jude Hosier,Assistant Media Planner,Male,Krajan C Wonorejo,8720,2023/01/20
646,Kaitlin Hallwood,Dental Hygienist,Female,Moca,3134,2023/02/23
647,Herschel Felten,Software Test Engineer II,Male,Guayabetal,4112,2023/08/19
648,Bogart Alelsandrovich,Electrical Engineer,Male,Maukaro,4443,2023/08/13
649,Gasper Jaksic,Geological Engineer,Male,Kizlyar,1936,2023/03/16
650,Wood Bompas,Nurse Practicioner,Male,Bến Cầu,6333,2023/12/19
651,Pen Hemshall,Media Manager IV,Male,Shangjia,3689,2023/11/24
652,Ludvig Lorden,Database Administrator I,Male,Kebonan,5504,2023/01/18
653,Con Oager,Dental Hygienist,Male,Tlumačov,8078,2023/08/15
654,Randi Scattergood,Administrative Officer,Male,Paris 05,2308,2023/06/30
655,Delaney Laurenson,Clinical Specialist,Male,Wushishi,9549,2023/09/27
656,Abigael Hubach,Sales Representative,Female,Bergem,4802,2023/09/08
657,Nellie McQuorkel,Help Desk Technician,Female,Cuilco,7765,2023/02/28
658,Clovis Petlyura,Product Engineer,Female,Strängnäs,1893,2023/06/13
659,Ariel Siggs,Senior Cost Accountant,Female,Dublin,9959,2023/11/07
660,Leon Leynton,Quality Engineer,Male,Milanówek,3565,2023/05/29
661,Klara Blodg,Quality Control Specialist,Female,Gifu-shi,3674,2023/10/02
662,Norman Crichton,Sales Associate,Male,Avarua,5449,2023/06/09
663,Maridel Oneal,Registered Nurse,Female,Tagnanan,5086,2023/08/10
664,Janine Assante,Occupational Therapist,Female,Astromil,7430,2023/09/20
665,Natale O'Bradden,Physical Therapy Assistant,Male,Longju,4657,2023/06/17
666,Judye Vasilov,Administrative Assistant III,Female,Cibeureum Satu,5783,2023/03/29
667,Michelina Ambage,Web Developer II,Female,Geshan,5096,2023/03/28
668,Clare Josland,Research Nurse,Male,Lianran,2905,2023/04/24
669,Genvieve Victor,Quality Engineer,Female,Palmitas,4252,2023/12/17
670,Donnie Bernardt,VP Marketing,Male,Bergen op Zoom,7866,2023/03/11
671,Tabbie Gallemore,VP Quality Control,Male,Västra Frölunda,9652,2023/10/11
672,Charo Stovin,Geological Engineer,Female,Ljusdal,5620,2023/09/12
673,Sterling Orringe,Structural Analysis Engineer,Male,Micheng,9553,2023/11/22
674,Lucais Trimble,Staff Accountant I,Male,Všemina,9108,2023/12/26
675,Giralda Gooley,Structural Engineer,Female,Makueni,9344,2023/08/12
676,Erskine Sillett,Research Assistant II,Male,Bílina Kyselka,6960,2023/03/31
677,Dermot Frondt,Automation Specialist II,Male,Jistebnice,1012,2023/09/19
678,Jeralee Purveys,VP Product Management,Female,Moch,3165,2023/10/10
679,Keefer Dunseath,Sales Representative,Male,Suohe,1505,2023/02/09
680,Laetitia Markwelley,Staff Scientist,Female,Urukh,3792,2023/03/03
681,Booth Schuster,Paralegal,Male,Sotíra,9893,2023/06/30
682,Madeleine Upshall,Environmental Tech,Female,Jingyang,2061,2023/03/15
683,Vina Drinan,Developer IV,Female,Phibun Mangsahan,7258,2023/12/28
684,Wilhelmine McAne,Marketing Assistant,Female,Nóvita,4818,2023/04/13
685,Dulcy Keling,Associate Professor,Female,Nanyang,8483,2023/09/23
686,Artie Haldon,Financial Advisor,Male,Jönköping,3822,2023/06/12
687,Thorn Palmar,Computer Systems Analyst III,Male,La Quebrada,5545,2024/01/03
688,Damaris Snowball,Social Worker,Female,Gangba,2942,2023/08/13
689,Chloris Spurgeon,Safety Technician III,Female,Gurinai,4155,2023/02/26
690,Moses McElvogue,Payment Adjustment Coordinator,Male,Nong Hin,7078,2023/12/13
691,Hubert Spellward,Chief Design Engineer,Male,Västra Frölunda,5704,2023/04/07
692,Toni Dennehy,Social Worker,Female,Bribir,9328,2023/11/20
693,Inglebert Boodle,Computer Systems Analyst I,Male,Kotabaru,1222,2023/01/04
694,Pavlov McLaine,Director of Sales,Male,Katori-shi,7658,2023/04/10
695,Sande Nolli,Computer Systems Analyst II,Female,Maiyema,3495,2023/05/05
696,Lenette Le Franc,VP Product Management,Female,San Antonio de los Cobres,2180,2023/10/18
697,Ashbey Beck,Structural Analysis Engineer,Male,Mhamid,1044,2023/06/02
698,Morris Redshaw,Software Consultant,Male,Sandwīp,5311,2023/08/23
699,Dacie Keymer,Research Associate,Female,Athabasca,3639,2023/10/07
700,Dewitt Patriskson,Human Resources Assistant II,Male,Gangnan,5714,2023/01/04
701,Jenelle Tale,Assistant Professor,Female,San Pedro Necta,6374,2023/10/21
702,Cobby Tilt,VP Quality Control,Male,Dmanisi,4652,2023/09/30
703,Leigha Vannoort,Clinical Specialist,Female,Bouna,2162,2023/02/14
704,Joelly Heddon,Cost Accountant,Female,Aracaju,4206,2023/06/30
705,Tyrone Wysome,Engineer III,Male,Ovsyanka,7518,2023/03/16
706,Johnny Ralph,Editor,Male,Mopti,3878,2023/06/08
707,Miguela Endean,Help Desk Operator,Female,Alfenas,2591,2023/11/28
708,Angeline Janczak,Business Systems Development Analyst,Female,Haarlem,1137,2023/08/20
709,Ron Tuley,Web Designer II,Male,Oetuke,9023,2023/11/12
710,Karia Bartoszewicz,Mechanical Systems Engineer,Female,Pangani,2467,2023/11/10
711,Jamaal Judge,Financial Advisor,Male,Bogoroditsk,9018,2023/05/23
712,Madeline Belfit,General Manager,Female,Mellila,5768,2023/06/20
713,Lita Rablan,Executive Secretary,Female,Xianan,6809,2023/04/30
714,Bondie Gallaway,Chemical Engineer,Male,Weru,5012,2023/03/04
715,Robert Rigts,Software Test Engineer III,Male,Borabue,4970,2023/11/27
716,Blayne Kenlin,Legal Assistant,Male,Galižana,3473,2023/02/15
717,Ezra Speeding,GIS Technical Architect,Male,Ihosy,5617,2023/09/15
718,Sergent Crotch,Desktop Support Technician,Male,Sukhinichi,5676,2023/02/25
719,Wini Oldfield-Cherry,Design Engineer,Female,Jungkat Selatan,8006,2023/04/09
720,Roland Longrigg,Business Systems Development Analyst,Male,Skorogoszcz,6446,2023/11/29
721,Elmore Cristofanini,Operator,Male,Mili,8895,2023/12/22
722,Noll Maron,Nuclear Power Engineer,Male,Postmasburg,1925,2023/07/22
723,Maryellen McCreadie,Financial Advisor,Female,Dayuan,2144,2023/05/02
724,Denni Fawckner,Engineer IV,Female,Mtinko,3297,2023/07/22
725,Vanna Thouless,Administrative Assistant III,Female,Thị Trấn Quan Hóa,5516,2023/05/13
726,Bancroft Hawes,Programmer Analyst IV,Male,Tādif,4531,2023/09/01
727,Hope Grissett,Registered Nurse,Female,Guaitarilla,2124,2023/09/25
728,Audrye Merriman,Safety Technician I,Female,Lomé,5228,2023/02/07
729,Lela Windless,Environmental Specialist,Female,Smidary,6829,2023/08/17
730,Boycie Teideman,Software Test Engineer I,Male,Liren,1804,2023/07/21
731,Codi O'Sheils,Senior Cost Accountant,Male,La Serena,7360,2023/09/23
732,Christophorus Krugmann,Nurse Practicioner,Male,Strelka,8806,2023/04/27
733,Abner Grafton,Programmer I,Male,Playas,7682,2023/07/05
734,Dagny Masic,Marketing Manager,Male,Bajos de Haina,8506,2024/01/03
735,Lauree Simonich,Dental Hygienist,Female,Chambray-lès-Tours,8158,2023/01/20
736,Griffin Arbon,Budget/Accounting Analyst II,Male,Qianjin,7509,2023/12/11
737,Brock Cavaney,Civil Engineer,Male,Wangkung,8264,2023/06/10
738,Malva Sweatland,Social Worker,Female,Salinas,4374,2023/05/03
739,Geraldine Sorrie,Account Representative III,Female,Asahbadung,7855,2023/07/29
740,Travis Hacksby,Biostatistician III,Male,Huangjinbu,1837,2023/07/13
741,Agosto De Cruce,Actuary,Male,Ensanche Luperón,8907,2023/06/05
742,Garv Burdett,Environmental Tech,Male,Lalapanzi,7806,2023/04/15
743,Goldy Hold,Assistant Manager,Female,Jiaotang,8106,2023/01/20
744,Karly Pietesch,Programmer Analyst III,Female,Jijiang,5882,2023/11/11
745,Mair Bremley,Design Engineer,Female,Penco,5042,2023/06/28
746,Nevin Spelsbury,Occupational Therapist,Male,Saky,6707,2023/08/14
747,Rosalyn Ringsell,Pharmacist,Female,Jishan,2188,2023/10/16
748,Fernando Chitter,Senior Developer,Male,Zapatero,3660,2023/05/20
749,Delmore Bamforth,Account Coordinator,Male,Ambulong,1133,2023/03/25
750,Randolph Tabrett,Biostatistician II,Male,As Salţ,3003,2023/03/15
751,Corrianne Walework,Paralegal,Female,Miaoyu,4571,2023/08/16
752,Jemmy Mandell,Registered Nurse,Female,Anhai,5483,2023/03/31
753,Alexis Berick,Editor,Male,Ningyang,6166,2023/08/08
754,Averyl Jorry,Junior Executive,Female,Qīr Moāv,3958,2023/01/21
755,Shelden Sherston,Pharmacist,Male,Lebedyn,2981,2023/08/07
756,Marley Gristock,Automation Specialist I,Female,Mintang,2492,2023/07/29
757,Perrine Sherar,Accountant IV,Female,Ilihan,6276,2023/03/20
758,Gottfried Daviddi,Data Coordinator,Male,Rio Grande da Serra,3004,2023/05/15
759,Adriano De Maria,Nurse,Male,Nedakonice,3341,2023/03/27
760,Pippa Dowzell,Librarian,Female,Mopti,7920,2023/09/16
761,Gerianne Barbosa,Nuclear Power Engineer,Female,Novalja,8262,2023/11/17
762,Phillip Bosworth,Programmer Analyst IV,Male,Dongqu,7115,2023/03/19
763,Neel McBain,Senior Sales Associate,Male,Yasnogorsk,2599,2023/01/24
764,Sunny Allom,Software Engineer III,Male,San Vicente,3940,2023/03/27
765,Erek Bendik,Business Systems Development Analyst,Male,Besançon,3879,2023/05/05
766,Christyna Yellop,Assistant Media Planner,Female,New York City,5614,2023/12/26
767,Cosme Habbema,Payment Adjustment Coordinator,Male,Juexi,5678,2023/11/13
768,Melamie Gauvain,Assistant Professor,Female,Kos,7262,2023/08/22
769,Bendick Itschakov,Analog Circuit Design manager,Male,Masaran,3893,2023/05/07
770,Leonhard Keppin,Environmental Specialist,Male,Ishiki,2662,2023/05/16
771,Cindy Backshill,Nurse,Female,Liaoyang,7659,2023/09/07
772,De Hause,Assistant Professor,Female,Emiliano Zapata,9052,2023/12/06
773,Nerti Wakenshaw,Statistician I,Female,Pejukutan,6457,2023/03/07
774,Raymund Gerardot,Safety Technician II,Male,Abut,9604,2023/12/08
775,Marlie Chadband,VP Accounting,Female,Illapel,4495,2023/02/15
776,Riva Licciardello,Design Engineer,Female,Stari Grad,1248,2023/10/30
777,Yvor Stagg,VP Sales,Male,Nangan,5011,2023/08/10
778,Maddie Mintrim,Speech Pathologist,Male,Plakhtiyivka,4088,2023/04/14
779,Scotty O'Mohun,Help Desk Technician,Male,Delray Beach,9181,2023/08/13
780,Rowe Exell,Senior Quality Engineer,Female,Kurchatov,2848,2023/05/07
781,Berkly Dunaway,Structural Engineer,Male,Ubaitaba,5247,2023/03/18
782,Dorri Houlden,Graphic Designer,Female,Fort Portal,2670,2023/04/14
783,Britt Shivell,Data Coordinator,Male,Auriflama,2971,2023/11/30
784,Xaviera Jurczyk,Project Manager,Female,Donggaocun,2493,2023/01/13
785,Lesya Nials,Information Systems Manager,Female,Yelets,2791,2023/01/13
786,Herrick Britton,Structural Analysis Engineer,Male,Algoz,9878,2023/11/22
787,Leeland Skelcher,Compensation Analyst,Male,Madura,4503,2023/01/26
788,Phil Tolomelli,Compensation Analyst,Male,Danzao,2652,2023/05/23
789,Kipp Midden,Administrative Officer,Female,Bethlehem,7764,2024/01/03
790,Jamey Haydon,Senior Editor,Male,Malvinas Argentinas,3014,2023/07/23
791,Ferdinand Nightingale,Accountant I,Male,Shuyuan,1408,2023/07/16
792,Shandy Bruce,Teacher,Female,Thika,7659,2023/03/21
793,Suzy Lisamore,Research Associate,Female,Ćmielów,7177,2023/01/04
794,Vincent Byford,Compensation Analyst,Male,Tower,3202,2023/08/04
795,Audrey Esposi,Paralegal,Female,Nantes,8987,2023/03/19
796,Lezley Berney,Senior Financial Analyst,Male,Paradise,1296,2023/08/13
797,Vincenz Syson,Associate Professor,Male,Jaciara,7350,2023/03/18
798,Othilia Cuningham,Senior Editor,Female,Maikun,5225,2023/10/31
799,Ephraim Gregoletti,Actuary,Male,Koson,4534,2023/11/02
800,Alvie Rochelle,Graphic Designer,Male,Umbanyar,5572,2023/03/04
801,Simonne Roselli,Senior Financial Analyst,Female,Sosnovoborsk,3693,2023/02/01
802,Lissie Trotman,Research Associate,Female,Al Ḩāḑir,5223,2023/12/29
803,Ric Pinnijar,Paralegal,Male,Aţ Ţaybah,9101,2023/05/20
804,Jacinda Ikin,Technical Writer,Female,Tambaksari,8706,2023/01/12
805,Liam Duddy,Assistant Manager,Male,Angadanan,7949,2023/04/05
806,Kynthia Collet,Design Engineer,Female,Shicheng,7808,2023/03/30
807,Katalin Axtens,Quality Control Specialist,Female,Le Tampon,7038,2023/09/25
808,Andreana Morcombe,Director of Sales,Female,Kentau,9525,2023/02/06
809,Hebert Colborn,Web Designer III,Male,Jingzhuang,8887,2023/08/24
810,Robinett Nurdin,Operator,Female,Montpellier,3791,2023/11/04
811,Verge Heinle,GIS Technical Architect,Male,Penha Longa,1668,2023/01/26
812,Bertine Muckley,Account Representative III,Female,Kesheng,1866,2023/11/24
813,Emilie Staner,Safety Technician IV,Female,Charlotte,7990,2023/12/06
814,Ethelyn Braganza,Quality Control Specialist,Female,Sanli,2360,2023/05/03
815,Augie Dikles,Payment Adjustment Coordinator,Male,Maragogi,1271,2023/01/21
816,Gare Schankel,Safety Technician II,Male,Dongjin,9409,2023/09/09
817,Elwyn Fripps,Analog Circuit Design manager,Male,Manggekompo,9365,2023/11/03
818,Laurent Abbiss,Assistant Professor,Male,Sentani,1678,2023/04/01
819,Vinnie Cescoti,Office Assistant IV,Male,Luts’k,9351,2023/08/17
820,Rafi Heintsch,Engineer IV,Male,Cosquín,1549,2023/07/25
821,Kennett Jeff,Software Test Engineer III,Male,Ribamar,8145,2023/06/21
822,Ashla Belford,Research Associate,Female,Kurgan,8745,2023/12/15
823,Stefania Genge,VP Marketing,Female,Kristinehamn,1211,2023/04/28
824,Trenton Float,Software Engineer I,Male,Lagoa do Itaenga,9483,2023/06/21
825,Wyatt Eannetta,Nurse Practicioner,Male,Banjar Sengguan,4166,2023/08/13
826,Ricky Canham,Accountant IV,Female,Chattanooga,6729,2023/12/15
827,Shepperd Gutridge,Librarian,Male,Belovo,7566,2023/12/26
828,Jacquelyn Hatherley,Budget/Accounting Analyst IV,Female,Dacudao,8558,2023/04/10
829,Hobard Giffon,Structural Analysis Engineer,Male,Novopodrezkovo,9711,2023/03/28
830,Neile Kleeman,Accounting Assistant II,Female,Uripa,8652,2023/02/10
831,Marget Lindenbluth,Senior Developer,Female,Puncaktugu,7621,2023/02/10
832,Edwina Bullen,Business Systems Development Analyst,Female,Dallas,8988,2023/12/09
833,Waverly Heminsley,Structural Analysis Engineer,Male,Qikeshu,9395,2023/05/24
834,Vasili Gilders,Systems Administrator III,Male,Liangshuijing,8177,2023/05/09
835,Jobie Ralston,Executive Secretary,Female,Traiguén,6281,2023/11/28
836,Matthieu Orth,Media Manager I,Male,Uarini,3334,2023/02/03
837,Albrecht Beever,Software Test Engineer III,Male,Round Rock,5661,2023/10/14
838,Dacey Loughhead,Accounting Assistant IV,Female,Ḩabīl al Jabr,1389,2023/11/19
839,Almeria Blacktin,Staff Scientist,Female,Lapa do Lobo,3509,2023/02/15
840,Lothaire Gergolet,Analog Circuit Design manager,Male,Nanae,1978,2023/05/06
841,Anton Moodie,Programmer II,Male,Trondheim,6284,2023/11/14
842,Keene Hamblett,Senior Sales Associate,Male,Zuoxi,7133,2023/08/19
843,Pip Lanham,Marketing Assistant,Male,Benešov nad Černou,2260,2023/11/17
844,Phyllys Danis,Cost Accountant,Female,Liuliping,8233,2023/01/14
845,Marcellina Kornalik,Computer Systems Analyst I,Female,Sheki,8735,2023/01/21
846,Julius Gianullo,Mechanical Systems Engineer,Male,Catarina,8547,2023/12/17
847,Carolann McHaffy,Geologist II,Female,Kawangu,6144,2023/05/03
848,Lane Tarbert,Community Outreach Specialist,Male,Florianópolis,7692,2023/02/02
849,Dorolice McQuirk,Senior Developer,Female,Minador do Negrão,6491,2023/05/09
850,Elsa Fewings,Computer Systems Analyst I,Female,Cikeper,7543,2023/08/02
851,Cally Matschoss,Geologist I,Female,Legrada,2015,2023/08/18
852,Zachery Tourry,Mechanical Systems Engineer,Male,Klyetsk,7691,2023/06/19
853,Jasmine Wildish,Librarian,Female,Escada,9337,2023/10/25
854,Anastasia Thurnham,Media Manager I,Female,Vihāri,3118,2023/04/30
855,Wiatt Toyne,Staff Scientist,Male,Asaita,3905,2023/05/05
856,Bradly Chaimson,Chemical Engineer,Male,Vavoua,7551,2023/08/14
857,Melicent Geipel,Junior Executive,Female,Yantak,9447,2023/10/12
858,Dalston Storrar,Business Systems Development Analyst,Male,Dubiecko,8526,2023/04/27
859,Mick MacKibbon,General Manager,Male,Guyangan,2589,2023/08/27
860,Pris Gauson,Senior Sales Associate,Female,Březová nad Svitavou,7751,2023/08/14
861,Kate Klos,Nuclear Power Engineer,Female,Feitoria,5549,2023/05/24
862,Caryl Ell,VP Quality Control,Female,Sevsk,2506,2023/03/21
863,Tirrell Rubinov,Computer Systems Analyst IV,Male,Paringin,3509,2024/01/01
864,Christie Robbe,Financial Advisor,Female,Boston,4371,2023/10/20
865,Leandra Matitiaho,Accounting Assistant IV,Female,Jesenice,4268,2023/05/20
866,Zolly Fereday,Dental Hygienist,Male,Banggel,7558,2023/01/20
867,Codi Narbett,Software Test Engineer III,Female,Pensacola,1129,2023/03/12
868,Dallon Woodington,Quality Control Specialist,Male,Halmstad,5136,2023/01/28
869,Noami Pevie,Registered Nurse,Female,Ciketak,5739,2023/12/08
870,Clareta Aitkenhead,Nurse,Female,Rotterdam,8193,2023/12/16
871,Mordy Witt,Environmental Tech,Male,Longquan,4347,2023/04/14
872,Yank Weeks,Automation Specialist II,Male,Haczów,6747,2023/09/02
873,Jereme Rossbrook,Geologist II,Male,Jingmen,8112,2023/12/17
874,Concettina Ponnsett,Legal Assistant,Female,Nantes,8197,2023/11/24
875,Merrily McGarrie,Environmental Tech,Female,Zwolle,1595,2023/04/21
876,Daffy Ert,Senior Cost Accountant,Female,Kotlovka,7555,2023/05/21
877,Romonda Kirimaa,Research Nurse,Female,Ufa,6913,2023/08/24
878,Brynn Roderighi,VP Product Management,Female,Manturovo,4831,2023/08/10
879,Alley Doull,Quality Engineer,Male,Sawang Daen Din,2469,2023/11/02
880,Moselle Dolley,General Manager,Female,Xiaocheng,6866,2023/02/10
881,Cal Dorgan,Physical Therapy Assistant,Female,Psary,7421,2023/12/26
882,Dominga Houlton,Systems Administrator III,Female,Fangbu,3827,2023/10/18
883,Farleigh Reinhart,Web Developer III,Male,Pidvolochys’k,1525,2023/03/23
884,Caroline Tenney,Accountant I,Female,Kembé,1829,2023/07/01
885,Xerxes Di Frisco,Geological Engineer,Male,Las Ánimas,7851,2023/03/22
886,Algernon Baynon,GIS Technical Architect,Male,Shilong,4727,2023/12/02
887,Yovonnda O'Donnelly,Software Consultant,Female,Wako,1791,2024/01/02
888,Ara Innocenti,Human Resources Manager,Female,Ipoh,1946,2023/11/07
889,Conni Dickerline,Nuclear Power Engineer,Female,Tangpu,6373,2023/02/17
890,Alon Donett,Office Assistant IV,Male,Zhouzai,7060,2023/09/16
891,Evey Hembling,Physical Therapy Assistant,Female,Virovitica,7814,2023/11/07
892,Stuart Kennewell,Nuclear Power Engineer,Male,Mariestad,9893,2023/02/04
893,Lynett Tayt,Environmental Tech,Female,Mataguži,3318,2023/07/04
894,Lazar Boyland,Senior Editor,Male,Salamanca,4328,2023/03/30
895,Beth McManamon,Senior Developer,Female,Clisson,9922,2023/07/27
896,Alvie McCritchie,Human Resources Manager,Male,Shitan,4386,2023/09/09
897,Bat Graeser,Research Associate,Male,Jianba,1359,2023/11/09
898,Reynard Winsper,VP Accounting,Male,Gangnan,2124,2023/03/20
899,Sancho Blench,Director of Sales,Male,Kurihashi,2760,2023/06/27
900,Devora Baxill,VP Sales,Female,Severoural’sk,2913,2023/11/23
901,Christopher Gallaher,Assistant Manager,Male,Hua Hin,2187,2023/02/26
902,Jeannine Suddards,Senior Financial Analyst,Female,Sparwood,1148,2023/09/20
903,Joanna Crole,Human Resources Assistant I,Female,Chuangye,3189,2023/01/04
904,Timmy Lingley,Geologist III,Male,Znomenka,1853,2023/05/14
905,Bing Dresse,Nurse,Male,Bech,2236,2023/07/08
906,Kania Coldicott,General Manager,Female,Vetluzhskiy,5459,2023/05/18
907,Hershel Botterman,Help Desk Technician,Male,Mercier,8679,2023/06/30
908,Karleen Bennen,Senior Editor,Female,Charlotte,1826,2023/07/29
909,Thain Saynor,Junior Executive,Male,Nam Sách,9754,2023/12/26
910,Dmitri Deguara,Account Executive,Male,Cumadcad,1458,2023/09/15
911,Martin Medcalf,Administrative Officer,Male,Caucaguita,2041,2023/07/27
912,Tiffie Fagan,Civil Engineer,Female,Liangshan,8348,2023/11/15
913,Ellswerth Winward,Marketing Manager,Male,Lixi,5757,2023/02/23
914,Ree Salmen,Information Systems Manager,Female,Xinglong,5053,2023/03/16
915,Alano Blandamere,Programmer II,Male,Vodňany,7538,2023/08/13
916,Jo Rioch,VP Sales,Male,Waina,5376,2023/09/14
917,Angelle Bolderson,Quality Control Specialist,Female,Kotayk’,9501,2023/03/27
918,Beale Basterfield,Sales Associate,Male,Komyshnya,6633,2023/06/17
919,Trudey Gierhard,Information Systems Manager,Female,Silikatnyy,6515,2023/09/07
920,Heida Ravelus,VP Marketing,Female,Jia’an,7699,2023/05/17
921,Aurthur Nolton,Food Chemist,Male,Brusartsi,4142,2023/10/09
922,Ogdon Dyne,Staff Accountant I,Male,Maco,6232,2023/01/21
923,Ambur Godlee,Community Outreach Specialist,Female,Bulacan,8322,2023/03/23
924,Chantalle Knyvett,Research Assistant IV,Female,Diré,6019,2023/10/11
925,Alfi Jaquiss,Administrative Assistant IV,Female,Xagmakajor,7042,2023/01/30
926,Barry Cazalet,Senior Cost Accountant,Male,Yelenendorf,2451,2023/06/14
927,Tabina Marcone,Geologist I,Female,Xagqu,1570,2023/10/22
928,Ninette Lindblad,VP Product Management,Female,Mainang,5855,2023/12/03
929,Basilius Matthessen,Senior Cost Accountant,Male,Salcedo,5335,2023/07/13
930,Ximenes Ragg,Web Developer I,Male,Minuyan,2819,2023/12/27
931,Glenine Beckworth,Product Engineer,Female,Nagano-shi,1155,2023/06/01
932,Alica Vanezis,Biostatistician II,Female,Jendouba,8726,2023/07/04
933,Glori Tomkiss,Staff Scientist,Female,Uusikaupunki,2948,2023/06/16
934,Aloin Reame,Marketing Manager,Male,Tiandu,5188,2024/01/01
935,Vincent Reddihough,Geologist II,Male,Alameda,8885,2023/03/06
936,Catriona Collyns,Junior Executive,Female,Honglu,5549,2023/04/23
937,Farand Liddicoat,Research Assistant I,Female,Jinka,3667,2023/04/25
938,Shena Rieflin,Data Coordinator,Female,Baojia,8339,2023/10/10
939,Sigismondo Wash,Physical Therapy Assistant,Male,Píritu,4574,2023/03/17
940,Glenden Scragg,Cost Accountant,Male,Guanchao,3028,2023/10/02
941,Bridgette Snugg,Teacher,Female,Yunyan,4379,2023/02/27
942,Fannie Frayling,Administrative Assistant III,Female,Taokeng,6295,2023/12/10
943,Gianina Pinson,VP Quality Control,Female,Žiežmariai,2342,2023/07/11
944,Galven Zincke,Staff Scientist,Male,Selasari,2034,2023/08/02
945,Paxon Joderli,Registered Nurse,Male,Jiangwakou,2497,2023/02/08
946,Shelby McCaughan,Sales Associate,Female,Cabeço de Vide,9701,2023/01/08
947,Link Buyers,Structural Engineer,Male,Chumen,4781,2023/01/24
948,Orv Hargroves,Technical Writer,Male,Cibatu,1095,2023/07/06
949,Shurlock Timms,Human Resources Assistant IV,Male,Baní,4123,2023/12/16
950,Marco Towl,Automation Specialist II,Male,Rasūlnagar,4460,2023/03/21
951,Jada Fazan,Librarian,Female,Crespo,3615,2023/05/25
952,Clerc Pursglove,Information Systems Manager,Male,Shaoha,5047,2023/07/18
953,Clare Wulfinger,Geologist IV,Male,Brześć Kujawski,9882,2023/03/22
954,Flint Ockleshaw,Teacher,Male,Macedo de Cavaleiros,8127,2023/03/22
955,Bernette Casbolt,Geologist I,Female,Simbal,6128,2023/05/12
956,Odella Danilin,Senior Quality Engineer,Female,Flora,9495,2023/01/04
957,Hillier Attwater,Pharmacist,Male,Oslo,4230,2023/05/27
958,Hyman Screwton,Environmental Tech,Male,Pingyao,2694,2023/01/29
959,Gardner Ingleston,Account Executive,Male,Siruma,6626,2023/08/12
960,Newton Orrocks,Environmental Specialist,Male,Gamovo,9259,2023/07/27
961,Bernete Manktelow,Statistician II,Female,Awjilah,5857,2023/12/20
962,Alonso Haddy,Account Coordinator,Male,Matsena,4050,2023/07/08
963,My Blazevic,Budget/Accounting Analyst III,Male,Ndwedwe,3199,2023/12/13
964,Josepha Clayill,Staff Scientist,Female,Jangas,2237,2023/09/21
965,Maure Bradman,Research Associate,Female,Souto do Meio,2099,2023/12/23
966,Gale Cottle,Database Administrator II,Female,Amirdzhan,9910,2023/03/07
967,Reade Bearns,Administrative Officer,Male,Gaiyang,6892,2023/04/21
968,Tony Gasnell,Teacher,Male,Kouzhen,8236,2023/10/27
969,Richart Pechan,Software Consultant,Male,Pore,4518,2023/01/05
970,Trixi Moylan,Nuclear Power Engineer,Female,Bù Đốp,4313,2023/06/05
971,Dorena Gillett,Pharmacist,Female,Akhtopol,5214,2023/10/14
972,Eachelle Petroselli,Senior Quality Engineer,Female,Caitang,9091,2023/11/20
973,Trish Furber,Social Worker,Female,Chambéry,6648,2023/05/21
974,Anthiathia Wewell,Environmental Tech,Female,Матејче,5781,2023/01/14
975,Fairlie Cropton,Research Associate,Male,Naples,7487,2023/08/11
976,Ginevra Elderfield,Computer Systems Analyst III,Female,Pingding,5395,2023/01/06
977,Teodor Norquoy,Graphic Designer,Male,Małkinia Górna,9958,2023/01/08
978,Phylis Huxham,Tax Accountant,Female,Tabinay,3181,2023/02/24
979,Loretta Kensy,Senior Financial Analyst,Female,Colonia Neuland,5939,2023/06/22
980,Claude Besantie,Web Designer IV,Female,Darovskoy,4868,2023/10/17
981,Blondy Causbey,Marketing Manager,Female,Iłowa,2627,2023/11/13
982,Elizabet O'Brollachain,Automation Specialist IV,Female,Xin’an,1236,2023/09/16
983,Corella Beck,Sales Representative,Female,Nytva,3831,2023/11/27
984,Rodie Baldick,Analyst Programmer,Female,Myingyan,1281,2023/12/27
985,Wain MacCostigan,Environmental Specialist,Male,Passo Fundo,1139,2023/01/05
986,Orren Strippel,Environmental Tech,Male,Gorobinci,1484,2023/03/28
987,Jacinthe Wrought,Business Systems Development Analyst,Female,Qorveh,8948,2023/11/18
988,Biddie Albro,Junior Executive,Female,Milwaukee,7060,2023/11/06
989,Aundrea Drewry,Sales Associate,Female,Catujal,1193,2023/04/16
990,Augustin Thompsett,Systems Administrator III,Male,Jasienica,5804,2023/12/13
991,Cobb Powter,Sales Associate,Male,Dayr Sharaf,8550,2023/10/29
992,Gwendolin Evelyn,Environmental Specialist,Female,Oganlima,6907,2023/12/06
993,Cecelia Rae,Editor,Female,Lyubar,6249,2023/04/23
994,Jarrad Evanson,Budget/Accounting Analyst III,Male,Douniani,9720,2023/08/10
995,Dalston Armsden,Information Systems Manager,Male,Bang Phlat,1863,2023/07/06
996,Rodrigo Oriel,VP Quality Control,Male,Zhongdong,4504,2023/07/23
997,Gene Wiltshear,Product Engineer,Female,Pesucen,8906,2023/04/20
998,Khalil Khidr,Marketing Assistant,Male,Potok Złoty,6481,2023/01/07
999,Carlotta Whiskin,Accountant I,Female,Duqu,1753,2023/11/09
1000,Jolene McClary,Human Resources Manager,Female,Zhuji,6535,2023/03/25
